Frame,x1,y1,x2,y2,x3,y3,x4,y4,x5,y5,x6,y6,x7,y7
0,630,359,934,627,1350,692,1236,383,1794,1021,1157,742,1007,836
1,630,360,933,626,1349,691,1235,382,1795,1021,1156,743,1007,837
2,630,360,932,628,1351,690,1234,383,1795,1021,1156,744,1007,836
3,631,360,932,628,1349,690,1235,383,1795,1021,1156,744,1006,837
4,630,359,932,628,1350,691,1233,383,1794,1022,1157,744,1007,839
5,631,360,931,629,1350,690,1234,383,1795,1021,1157,746,1007,838
6,630,359,931,628,1351,690,1234,385,1795,1021,1156,746,1008,838
7,631,360,931,628,1350,690,1235,384,1795,1022,1156,747,1006,839
8,630,360,929,628,1350,690,1234,385,1795,1022,1157,746,1008,840
9,632,360,930,628,1350,690,1235,384,1795,1022,1157,747,1008,840
10,631,360,929,628,1350,690,1234,385,1795,1020,1159,747,1008,839
11,632,360,930,628,1350,691,1236,383,1795,1020,1158,747,1007,839
12,631,360,930,628,1350,690,1237,382,1795,1020,1159,747,1007,839
13,633,359,930,630,1349,690,1237,383,1795,1020,1158,747,1007,837
14,632,358,931,631,1350,690,1238,382,1795,1020,1160,747,1007,838
15,632,358,931,631,1350,690,1238,382,1796,1020,1159,746,1005,839
16,631,358,931,632,1350,690,1237,381,1794,1020,1160,746,1005,839
17,632,359,932,632,1350,688,1238,380,1795,1020,1161,747,1007,840
18,632,359,930,632,1350,688,1237,380,1795,1020,1161,747,1005,839
19,633,359,930,633,1349,688,1236,380,1795,1021,1161,748,1005,840
20,634,358,931,633,1350,689,1235,380,1795,1021,1160,748,1004,839
21,633,359,932,633,1349,688,1234,380,1795,1022,1161,746,1003,840
22,633,359,930,633,1350,690,1234,381,1794,1022,1161,747,1002,841
23,634,358,932,633,1349,689,1235,381,1795,1022,1162,747,1002,841
24,634,358,931,634,1350,690,1235,380,1795,1022,1162,746,1002,842
25,632,358,932,633,1348,690,1235,380,1795,1022,1162,745,1001,842
26,633,358,932,634,1348,690,1236,379,1795,1022,1163,745,1002,842
27,634,359,932,634,1347,689,1236,378,1795,1022,1163,746,1002,842
28,632,358,933,633,1348,688,1237,378,1794,1022,1162,747,1002,842
29,633,359,931,633,1348,688,1238,379,1795,1021,1162,745,1001,841
30,633,358,930,633,1348,688,1238,380,1795,1020,1163,747,1001,842
31,633,359,932,633,1349,688,1236,380,1794,1020,1162,746,1000,841
32,633,358,932,633,1349,689,1237,380,1794,1020,1164,747,1000,841
33,633,358,933,634,1348,690,1237,381,1795,1019,1166,746,1002,842
34,633,358,933,635,1348,690,1235,381,1794,1019,1166,747,1003,843
35,632,358,934,634,1348,690,1236,381,1795,1018,1165,746,1002,842
36,633,358,935,634,1348,689,1237,381,1795,1019,1164,747,1002,842
37,633,357,934,635,1348,689,1237,381,1797,1017,1165,746,1002,841
38,634,358,934,636,1347,691,1237,380,1796,1019,1166,747,1001,841
39,633,356,934,637,1348,690,1237,381,1797,1018,1165,746,1001,841
40,634,357,935,636,1347,690,1237,380,1798,1017,1165,746,1001,842
41,633,356,936,637,1347,688,1238,378,1797,1018,1167,746,1000,842
42,633,357,935,638,1348,690,1238,380,1797,1018,1166,747,1000,843
43,632,357,935,638,1347,690,1238,381,1796,1018,1164,749,999,842
44,632,357,935,637,1347,689,1237,382,1797,1018,1165,749,998,843
45,633,355,936,637,1348,688,1238,381,1798,1018,1165,749,999,842
46,634,355,937,638,1346,689,1238,383,1799,1019,1166,748,999,844
47,633,355,937,639,1348,689,1238,384,1799,1019,1166,748,1000,844
48,634,355,938,638,1348,689,1240,383,1799,1019,1166,747,999,843
49,634,354,937,639,1348,690,1241,384,1800,1020,1165,749,1000,843
50,632,354,937,638,1348,690,1242,386,1800,1022,1165,747,1000,844
51,632,354,938,638,1348,690,1240,387,1800,1021,1163,747,1000,843
52,632,353,938,637,1349,689,1241,386,1800,1022,1164,748,1001,843
53,632,355,938,635,1349,690,1241,387,1801,1023,1165,748,1000,843
54,632,353,939,635,1348,691,1240,388,1801,1023,1165,750,999,844
55,632,353,939,635,1347,692,1242,386,1799,1022,1166,748,1000,845
56,633,354,939,635,1347,692,1242,387,1800,1023,1165,750,999,847
57,632,354,939,634,1347,693,1241,388,1800,1023,1166,751,999,847
58,632,353,940,635,1347,693,1240,388,1800,1023,1166,749,999,847
59,632,352,940,634,1346,693,1238,389,1800,1024,1168,749,999,846
60,630,353,940,634,1347,694,1238,388,1801,1024,1168,751,999,848
61,631,353,939,635,1346,693,1237,388,1801,1024,1166,751,998,846
62,632,352,939,635,1346,695,1237,389,1801,1023,1166,750,999,846
63,631,353,940,634,1346,694,1236,388,1800,1023,1166,749,998,845
64,631,353,939,635,1347,696,1237,389,1800,1025,1167,751,1000,846
65,631,352,939,636,1345,694,1236,388,1800,1026,1168,749,998,846
66,631,352,939,636,1347,695,1237,387,1800,1026,1168,749,1000,844
67,632,352,938,635,1348,694,1237,389,1800,1026,1167,748,998,844
68,631,352,938,636,1347,695,1237,390,1799,1026,1166,750,1000,844
69,630,351,938,635,1346,695,1236,389,1800,1025,1167,748,1000,843
70,631,351,938,635,1347,694,1236,390,1799,1026,1166,747,999,842
71,631,351,938,636,1347,696,1236,391,1800,1028,1166,748,999,843
72,631,351,938,635,1347,697,1237,391,1799,1027,1165,746,999,842
73,632,349,939,634,1347,696,1238,390,1800,1026,1165,746,1001,842
74,633,351,938,635,1347,696,1239,389,1802,1028,1165,746,1002,842
75,634,351,940,633,1346,696,1238,390,1802,1028,1166,746,1001,842
76,632,351,939,634,1347,695,1238,390,1802,1028,1165,746,1002,843
77,632,351,939,634,1348,695,1238,390,1801,1029,1164,746,1002,842
78,633,350,939,635,1347,695,1239,390,1802,1029,1166,746,1003,843
79,632,351,938,634,1346,695,1237,389,1800,1027,1167,744,1002,843
80,634,351,938,635,1346,695,1237,389,1801,1027,1168,744,1003,842
81,633,351,939,635,1346,695,1236,388,1802,1029,1166,743,1003,842
82,634,351,939,635,1346,696,1237,389,1802,1029,1166,743,1004,841
83,632,351,938,636,1346,696,1237,388,1802,1028,1165,743,1004,841
84,633,351,938,636,1346,694,1236,389,1802,1027,1165,742,1003,841
85,633,351,938,636,1346,694,1236,388,1802,1029,1164,744,1003,840
86,633,352,939,635,1347,695,1235,388,1802,1026,1165,744,1003,841
87,633,351,939,636,1345,695,1236,389,1802,1027,1164,744,1004,842
88,633,351,940,635,1346,695,1235,389,1802,1026,1165,743,1004,842
89,633,351,940,636,1345,694,1235,390,1802,1026,1164,743,1005,840
90,632,350,942,636,1345,692,1234,390,1804,1025,1164,744,1004,841
91,633,351,941,637,1344,692,1235,390,1803,1025,1165,743,1003,840
92,633,351,941,638,1344,692,1234,389,1804,1024,1164,742,1003,841
93,632,350,941,638,1342,692,1235,388,1803,1026,1164,742,1002,840
94,632,350,940,636,1344,693,1237,389,1804,1025,1165,742,1002,841
95,631,349,940,635,1342,694,1236,387,1802,1024,1165,743,1003,840
96,631,350,940,635,1341,693,1237,387,1803,1025,1165,742,1003,842
97,632,350,940,636,1341,695,1236,387,1803,1024,1164,743,1003,842
98,631,350,941,635,1341,695,1236,388,1804,1025,1166,743,1002,843
99,632,350,940,637,1342,694,1235,388,1804,1025,1165,744,1004,843
100,631,350,941,636,1342,695,1236,389,1804,1025,1165,743,1003,842
101,631,350,942,636,1342,697,1237,388,1804,1025,1165,745,1004,842
102,631,350,942,636,1343,697,1238,388,1804,1027,1164,744,1003,842
103,631,350,943,636,1343,698,1237,388,1804,1027,1164,744,1003,841
104,631,351,942,635,1342,697,1238,387,1804,1027,1164,746,1003,842
105,631,350,943,637,1343,696,1238,388,1803,1027,1164,746,1003,842
106,631,350,942,638,1342,696,1237,387,1803,1028,1164,746,1002,841
107,630,351,942,637,1342,698,1237,385,1803,1029,1164,747,1003,842
108,631,350,940,637,1342,699,1236,386,1803,1029,1164,749,1002,842
109,630,351,940,638,1343,700,1236,387,1803,1030,1164,749,1000,841
110,631,351,939,637,1344,699,1236,387,1804,1029,1164,750,1001,840
111,630,351,938,638,1343,700,1235,386,1804,1030,1164,749,1002,840
112,631,350,939,637,1343,700,1233,386,1803,1030,1164,749,1003,837
113,630,350,938,637,1343,701,1233,385,1802,1029,1165,749,1002,837
114,631,350,938,638,1343,701,1233,385,1802,1029,1164,750,1004,837
115,630,351,938,638,1344,699,1232,386,1802,1028,1165,749,1003,837
116,631,351,938,637,1343,702,1233,385,1802,1028,1166,751,1005,837
117,630,350,937,637,1344,701,1232,388,1801,1028,1166,751,1004,839
118,631,351,936,636,1342,702,1233,387,1802,1027,1165,751,1003,839
119,631,351,936,636,1345,701,1233,387,1801,1027,1165,752,1003,839
120,630,353,936,637,1344,700,1232,386,1801,1027,1164,752,1002,838
121,631,352,935,637,1345,700,1232,386,1801,1027,1163,751,1002,840
122,631,352,936,638,1345,701,1232,386,1801,1027,1164,752,1000,841
123,630,352,936,637,1345,700,1232,385,1800,1027,1166,751,1000,840
124,631,351,935,638,1346,702,1231,385,1801,1027,1165,751,999,841
125,631,351,935,640,1346,702,1230,385,1801,1027,1166,751,999,841
126,631,351,935,639,1346,701,1229,384,1800,1026,1165,751,999,840
127,631,352,935,639,1345,701,1230,383,1801,1027,1164,752,1000,840
128,630,352,935,639,1344,702,1230,383,1800,1027,1164,750,1002,842
129,629,352,936,638,1344,702,1230,384,1799,1028,1162,750,1002,842
130,629,351,936,638,1344,702,1230,383,1801,1028,1162,749,1002,842
131,629,353,936,637,1344,703,1229,383,1800,1028,1160,750,1001,842
132,629,352,935,638,1344,702,1229,385,1801,1029,1160,750,1002,844
133,629,353,935,637,1345,702,1227,385,1800,1030,1161,751,1002,843
134,629,353,934,638,1344,702,1228,384,1800,1030,1161,750,1003,842
135,630,353,934,637,1344,703,1226,383,1800,1031,1161,749,1003,842
136,630,353,934,636,1344,704,1227,384,1799,1030,1161,751,1003,842
137,630,354,935,636,1345,704,1228,384,1800,1030,1161,750,1002,843
138,631,353,934,637,1344,704,1227,384,1800,1028,1162,750,1003,842
139,630,354,933,637,1345,703,1228,384,1800,1029,1161,749,1003,843
140,631,354,933,636,1346,704,1226,385,1801,1029,1161,749,1002,842
141,631,354,933,637,1346,705,1227,385,1801,1028,1162,750,1003,841
142,630,354,932,637,1346,705,1228,386,1802,1027,1163,750,1002,842
143,631,354,933,636,1345,706,1229,385,1804,1028,1163,751,1003,841
144,631,355,932,635,1344,705,1228,385,1802,1029,1162,751,1002,842
145,630,355,933,635,1343,704,1228,384,1803,1028,1162,753,1002,842
146,630,355,933,634,1343,705,1228,385,1803,1028,1161,751,1002,842
147,630,354,932,635,1345,705,1227,385,1804,1028,1162,751,1001,842
148,630,354,934,634,1344,705,1226,385,1803,1029,1162,751,1000,842
149,631,356,933,637,1345,705,1226,385,1803,1029,1162,751,1000,842
150,630,355,932,637,1345,706,1225,386,1803,1030,1162,751,1002,841
151,631,356,931,636,1346,706,1224,385,1804,1029,1162,750,1001,841
152,630,356,931,638,1346,705,1225,386,1804,1029,1162,750,1001,840
153,630,357,930,637,1345,706,1224,386,1804,1030,1161,750,1001,840
154,630,356,931,637,1346,706,1225,387,1804,1030,1163,748,1001,840
155,629,356,931,637,1347,707,1223,387,1805,1030,1161,748,1002,840
156,630,357,931,637,1345,705,1223,389,1804,1029,1160,748,1001,840
157,630,356,931,637,1344,707,1222,390,1805,1029,1160,747,1002,840
158,630,356,931,637,1344,706,1223,389,1805,1029,1159,748,1002,841
159,629,356,930,638,1344,706,1223,390,1805,1029,1159,746,1000,843
160,630,354,930,638,1343,705,1223,389,1805,1029,1160,747,998,843
161,630,356,931,638,1342,705,1222,390,1805,1030,1161,746,999,842
162,631,356,932,637,1341,706,1220,389,1803,1029,1162,746,999,842
163,630,356,931,638,1343,706,1220,389,1804,1030,1160,745,998,843
164,629,355,931,637,1342,706,1220,388,1803,1029,1162,743,997,843
165,629,355,931,637,1343,706,1222,389,1805,1030,1162,744,998,844
166,629,354,930,635,1343,706,1223,389,1803,1031,1163,745,996,844
167,629,354,929,635,1342,706,1222,388,1804,1031,1162,745,997,846
168,628,355,931,636,1343,704,1221,388,1803,1030,1161,745,997,845
169,628,355,929,636,1343,705,1222,388,1804,1031,1160,745,996,848
170,629,355,929,637,1342,704,1221,390,1803,1030,1161,746,997,847
171,629,355,931,636,1342,704,1222,389,1804,1030,1160,744,995,846
172,628,355,930,637,1341,703,1220,389,1803,1031,1161,746,997,847
173,629,355,930,636,1341,703,1220,389,1804,1030,1161,746,998,846
174,630,354,928,636,1340,704,1221,388,1801,1031,1161,746,999,845
175,629,354,930,637,1340,703,1221,388,1802,1030,1159,745,999,845
176,629,356,931,637,1341,703,1221,388,1801,1031,1159,746,1000,844
177,630,354,931,636,1342,702,1220,389,1801,1031,1160,748,999,845
178,630,356,932,637,1341,702,1220,388,1802,1031,1159,747,998,845
179,631,356,932,637,1340,703,1220,388,1802,1032,1158,748,998,845
180,631,356,932,637,1341,703,1220,388,1804,1033,1159,747,997,845
181,631,355,932,636,1339,702,1219,386,1804,1032,1158,748,998,844
182,632,356,934,636,1340,704,1218,386,1804,1031,1159,749,998,844
183,632,356,934,635,1340,703,1218,388,1804,1030,1158,748,999,845
184,632,356,934,636,1339,703,1218,385,1805,1030,1158,750,999,844
185,634,356,936,636,1340,703,1219,386,1804,1032,1157,749,998,844
186,633,356,934,634,1339,703,1218,385,1806,1032,1157,750,999,845
187,635,356,935,637,1339,703,1217,384,1806,1033,1158,750,999,846
188,635,356,935,637,1338,703,1215,385,1806,1033,1157,750,998,845
189,636,356,934,637,1339,703,1216,386,1805,1033,1157,750,1000,845
190,636,356,933,637,1338,703,1216,385,1806,1034,1156,750,1000,845
191,635,356,935,636,1338,703,1216,386,1805,1034,1156,750,1001,846
192,634,356,934,636,1339,704,1215,388,1807,1033,1155,751,1001,845
193,634,355,935,636,1337,703,1216,387,1806,1033,1156,750,1001,844
194,634,355,936,637,1338,702,1215,387,1806,1034,1154,749,1000,843
195,633,356,936,637,1339,702,1215,388,1806,1034,1154,749,1001,842
196,634,355,936,636,1340,702,1214,388,1807,1033,1155,749,1001,842
197,634,357,936,637,1341,702,1214,388,1808,1035,1154,750,1002,840
198,634,356,937,636,1340,702,1214,388,1808,1034,1155,750,1001,839
199,635,358,936,636,1341,702,1214,388,1809,1034,1155,750,1001,838
200,634,357,937,636,1341,700,1215,387,1810,1033,1154,751,1002,836
201,635,357,937,636,1343,700,1215,386,1810,1035,1154,753,1001,836
202,634,359,936,635,1342,700,1213,387,1811,1033,1154,751,1001,838
203,635,359,936,636,1342,698,1213,385,1810,1034,1153,752,1001,837
204,635,359,936,637,1343,698,1211,385,1810,1032,1154,754,1001,837
205,634,360,937,638,1343,698,1212,386,1810,1033,1154,753,1002,838
206,635,360,937,638,1342,697,1212,387,1810,1033,1153,753,1001,837
207,635,360,939,638,1342,698,1212,386,1810,1034,1154,754,1001,836
208,635,362,938,639,1343,699,1214,385,1811,1034,1153,754,1002,837
209,635,362,938,638,1342,699,1213,386,1810,1035,1154,753,1002,835
210,635,362,939,638,1341,700,1215,386,1811,1035,1154,753,1002,835
211,634,362,939,638,1340,700,1213,386,1810,1034,1153,752,1002,834
212,635,363,939,639,1341,700,1214,386,1811,1035,1155,752,1001,834
213,636,362,938,639,1339,699,1215,387,1809,1035,1154,751,1000,835
214,635,363,939,639,1340,701,1215,387,1809,1033,1155,749,1000,834
215,636,363,938,639,1341,700,1216,387,1810,1033,1155,750,999,835
216,635,362,938,640,1341,700,1216,387,1810,1034,1155,749,999,834
217,636,363,938,639,1341,700,1215,388,1810,1034,1155,750,999,833
218,637,363,937,640,1341,699,1215,387,1810,1034,1155,750,999,832
219,637,363,939,639,1342,700,1215,388,1811,1034,1156,751,998,831
220,637,363,938,640,1341,699,1214,389,1811,1034,1155,750,998,830
221,637,364,938,640,1341,699,1214,388,1810,1034,1155,751,999,831
222,638,365,939,640,1341,699,1215,390,1811,1035,1156,751,998,831
223,638,364,939,640,1340,699,1214,390,1811,1034,1155,753,998,830
224,639,364,939,642,1340,700,1214,392,1811,1034,1154,752,998,832
225,640,365,939,641,1341,699,1215,391,1811,1034,1154,752,998,831
226,640,364,938,642,1340,699,1215,392,1813,1033,1154,754,998,831
227,639,363,939,640,1342,701,1215,393,1812,1034,1153,753,999,830
228,639,363,938,641,1340,700,1216,393,1813,1034,1152,754,998,829
229,639,364,939,640,1340,701,1215,394,1813,1034,1152,753,999,829
230,639,364,939,640,1341,701,1216,394,1813,1034,1153,753,999,829
231,639,364,938,640,1341,701,1215,393,1813,1034,1152,754,999,830
232,639,364,939,639,1340,701,1215,394,1813,1035,1154,754,999,832
233,638,364,938,638,1340,700,1215,392,1813,1035,1153,754,1000,832
234,639,363,939,639,1339,701,1215,394,1812,1036,1152,755,1000,832
235,637,364,938,639,1341,701,1216,394,1813,1036,1153,754,999,832
236,637,365,938,640,1339,702,1215,394,1813,1036,1152,754,1000,831
237,637,364,939,640,1340,701,1216,394,1813,1036,1153,754,1000,832
238,637,366,938,639,1339,701,1217,395,1813,1034,1151,753,1000,832
239,636,365,938,640,1340,701,1218,394,1813,1035,1152,753,1001,833
240,636,365,938,640,1340,701,1217,393,1812,1035,1151,753,1001,832
241,637,365,938,640,1339,701,1217,392,1812,1035,1150,752,1000,833
242,637,365,936,640,1341,700,1217,392,1812,1034,1151,752,999,833
243,636,366,937,640,1342,700,1217,392,1811,1033,1153,753,1000,832
244,637,365,935,641,1341,700,1218,393,1810,1033,1152,751,1000,833
245,636,365,936,640,1341,700,1219,393,1810,1033,1152,752,1001,832
246,636,365,935,639,1341,700,1218,394,1811,1033,1152,751,1000,832
247,637,365,935,640,1342,701,1217,394,1811,1035,1152,753,1002,831
248,638,365,936,640,1342,702,1217,393,1811,1034,1150,753,1002,831
249,638,366,937,640,1341,701,1217,393,1811,1034,1151,753,1003,832
250,638,366,937,640,1340,703,1216,393,1812,1034,1151,754,1004,831
251,638,365,936,640,1341,703,1216,394,1812,1034,1151,754,1003,831
252,638,366,936,641,1341,703,1216,393,1812,1034,1151,753,1003,831
253,638,366,935,642,1341,701,1215,393,1813,1035,1151,753,1003,832
254,637,366,936,642,1340,701,1215,395,1813,1034,1149,753,1003,831
255,638,366,935,641,1341,702,1216,395,1813,1035,1150,753,1003,832
256,637,366,934,640,1339,702,1216,395,1813,1035,1151,754,1003,831
257,638,366,936,641,1340,701,1217,394,1813,1036,1151,754,1004,830
258,637,366,934,639,1339,701,1217,395,1812,1035,1151,754,1004,831
259,638,367,934,640,1339,701,1218,395,1813,1033,1151,754,1005,830
260,638,366,935,640,1340,701,1217,396,1814,1033,1150,755,1004,830
261,638,368,934,639,1341,702,1217,395,1816,1033,1150,754,1004,830
262,638,367,934,640,1340,702,1218,395,1815,1033,1151,754,1004,830
263,638,367,933,640,1341,702,1219,395,1817,1034,1151,754,1003,830
264,638,367,933,640,1341,701,1219,396,1817,1035,1150,754,1005,831
265,638,367,933,641,1340,701,1219,396,1819,1035,1151,755,1005,831
266,637,368,933,641,1340,702,1219,395,1819,1034,1152,756,1004,831
267,637,367,933,641,1340,701,1219,395,1819,1034,1151,755,1004,831
268,638,366,933,641,1341,703,1218,394,1820,1034,1152,756,1002,831
269,638,367,933,641,1341,702,1217,396,1820,1034,1152,757,1002,832
270,638,366,933,640,1342,703,1217,395,1821,1034,1152,758,1003,832
271,638,366,933,640,1341,703,1217,393,1820,1033,1153,758,1002,831
272,639,366,933,641,1341,703,1216,393,1821,1033,1153,757,1003,829
273,638,365,933,642,1340,702,1217,393,1822,1034,1154,757,1003,829
274,638,366,933,642,1341,701,1218,394,1822,1035,1154,757,1003,831
275,638,365,932,642,1341,700,1219,395,1822,1034,1155,757,1003,830
276,638,366,932,641,1341,700,1219,396,1821,1035,1155,757,1003,830
277,639,365,933,642,1340,700,1220,395,1821,1035,1154,757,1002,829
278,638,365,931,642,1341,699,1219,395,1822,1033,1153,757,1003,830
279,639,364,931,641,1341,699,1217,396,1822,1035,1154,757,1003,831
280,639,364,932,641,1341,699,1218,396,1822,1035,1154,756,1002,831
281,638,364,930,643,1341,698,1218,396,1822,1035,1155,756,1003,831
282,638,364,930,643,1341,697,1218,396,1823,1035,1154,755,1003,831
283,638,364,929,642,1341,698,1219,395,1823,1036,1155,756,1003,832
284,637,364,928,643,1340,697,1218,395,1822,1035,1155,756,1003,830
285,635,363,928,642,1339,697,1218,394,1822,1036,1155,757,1003,830
286,635,363,927,643,1342,696,1218,393,1822,1036,1154,758,1003,830
287,634,364,928,645,1341,697,1217,392,1822,1035,1156,757,1003,830
288,635,363,928,644,1342,696,1218,392,1823,1034,1155,756,1001,831
289,633,362,929,644,1341,696,1218,391,1823,1035,1156,757,1001,830
290,633,362,930,645,1341,695,1220,391,1824,1035,1157,757,1001,832
291,631,362,929,646,1342,695,1221,392,1824,1036,1157,757,1001,832
292,631,362,929,645,1343,695,1220,391,1824,1037,1157,758,1000,830
293,631,362,928,646,1344,695,1218,391,1823,1036,1158,758,1000,832
294,631,362,929,646,1344,696,1219,391,1823,1036,1158,759,998,831
295,632,362,930,647,1344,697,1220,393,1822,1036,1156,759,999,832
296,631,363,929,646,1344,698,1218,393,1822,1037,1157,760,999,832
297,632,364,929,647,1343,696,1218,393,1821,1037,1156,762,1001,832
298,632,365,930,648,1344,697,1217,394,1822,1037,1156,760,999,833
299,632,364,929,648,1343,697,1216,393,1822,1038,1156,760,1000,833
300,632,364,928,648,1342,697,1218,394,1821,1037,1157,759,1000,833
301,633,365,927,649,1343,697,1218,393,1820,1037,1157,760,1001,833
302,632,365,927,647,1343,698,1217,392,1820,1037,1158,759,1000,832
303,633,365,928,648,1343,698,1218,392,1819,1037,1159,760,999,830
304,633,365,928,648,1344,698,1217,393,1820,1037,1158,761,999,830
305,632,365,928,648,1345,698,1217,393,1820,1038,1159,762,998,831
306,632,367,927,648,1345,699,1216,392,1820,1038,1160,763,997,831
307,632,366,927,648,1346,699,1217,392,1819,1037,1159,763,997,830
308,632,367,927,647,1346,699,1217,392,1820,1037,1160,763,997,831
309,633,366,928,646,1346,700,1219,393,1820,1038,1162,764,996,830
310,633,368,927,647,1346,699,1218,392,1819,1036,1161,764,995,831
311,633,366,928,647,1346,700,1218,392,1819,1036,1161,765,996,831
312,632,367,928,648,1349,700,1219,392,1819,1036,1162,765,994,831
313,634,368,928,647,1348,701,1219,391,1819,1037,1161,765,994,830
314,634,367,928,646,1348,700,1218,392,1820,1037,1162,766,994,832
315,633,368,928,646,1349,700,1218,390,1820,1037,1163,767,993,832
316,634,367,929,646,1348,700,1218,391,1819,1036,1162,767,993,833
317,633,368,930,645,1348,701,1219,390,1819,1036,1160,768,992,833
318,634,367,931,644,1348,700,1219,390,1819,1036,1161,768,992,833
319,634,369,932,643,1350,699,1221,389,1819,1037,1160,768,991,833
320,633,368,932,642,1348,700,1220,390,1820,1036,1160,770,991,834
321,634,369,933,644,1349,700,1220,389,1819,1036,1161,769,991,833
322,633,369,933,642,1347,699,1219,388,1820,1037,1161,770,991,834
323,633,370,933,641,1347,700,1219,387,1820,1038,1159,771,991,834
324,633,369,933,640,1347,701,1219,387,1820,1037,1159,772,991,835
325,633,369,933,640,1347,702,1220,386,1820,1037,1161,772,989,834
326,633,369,932,641,1346,702,1219,388,1819,1038,1161,773,989,835
327,634,369,933,641,1347,702,1218,388,1820,1038,1161,772,988,836
328,635,369,933,642,1348,702,1218,388,1819,1039,1162,772,988,837
329,635,369,932,642,1347,701,1217,389,1820,1038,1162,772,989,836
330,636,370,931,642,1347,700,1217,390,1821,1039,1161,772,989,835
331,636,371,932,641,1348,701,1217,390,1821,1038,1161,772,990,836
332,635,370,931,641,1349,700,1218,391,1821,1039,1161,772,991,835
333,635,372,932,642,1348,700,1219,391,1821,1038,1162,773,992,837
334,633,370,932,641,1349,700,1220,392,1821,1038,1160,772,992,836
335,633,371,932,642,1349,700,1219,390,1820,1038,1160,772,992,837
336,633,371,931,643,1349,699,1220,390,1819,1038,1160,772,992,837
337,632,371,931,641,1348,699,1221,391,1819,1037,1160,773,992,836
338,633,372,930,642,1348,700,1221,391,1819,1038,1159,773,992,837
339,633,373,931,641,1348,698,1221,392,1818,1037,1161,774,991,837
340,633,372,933,641,1347,700,1221,391,1819,1037,1160,775,991,837
341,633,372,932,643,1347,700,1222,392,1818,1037,1159,776,991,836
342,633,372,932,642,1347,700,1222,390,1817,1037,1158,777,990,836
343,634,371,932,642,1347,701,1222,390,1818,1038,1157,777,990,836
344,634,371,931,643,1346,701,1219,390,1818,1038,1158,777,990,835
345,633,371,931,643,1346,700,1220,391,1817,1038,1158,776,990,835
346,633,372,931,643,1346,701,1221,391,1817,1038,1159,778,991,835
347,634,371,930,642,1345,701,1222,390,1816,1037,1159,776,991,835
348,634,371,930,643,1346,702,1220,390,1817,1037,1159,776,992,834
349,634,371,932,643,1345,703,1219,390,1815,1037,1160,776,991,834
350,634,371,931,644,1347,702,1219,390,1817,1036,1160,775,991,834
351,634,371,932,644,1346,704,1219,391,1816,1036,1161,775,992,836
352,633,371,932,643,1346,703,1220,391,1817,1036,1160,774,991,834
353,634,372,933,642,1345,703,1217,390,1818,1036,1159,774,991,835
354,635,372,933,641,1345,701,1218,391,1818,1036,1160,773,992,836
355,634,371,935,640,1345,701,1217,391,1818,1038,1160,774,992,836
356,634,372,934,640,1346,702,1218,392,1820,1036,1158,774,991,836
357,634,372,934,641,1347,703,1219,391,1820,1038,1157,773,992,835
358,633,373,935,642,1348,703,1218,391,1820,1037,1158,774,994,834
359,633,374,936,641,1347,704,1219,393,1821,1037,1157,775,992,834
360,633,373,936,641,1347,705,1219,391,1819,1037,1157,773,993,836
361,634,373,936,641,1347,707,1219,391,1819,1037,1156,774,995,836
362,632,374,937,641,1348,707,1219,391,1818,1037,1156,774,994,836
363,633,373,937,640,1346,708,1220,392,1818,1038,1157,774,994,837
364,631,374,937,641,1348,710,1219,392,1817,1038,1157,774,994,836
365,633,373,937,640,1347,711,1219,391,1817,1040,1155,774,994,837
366,631,373,938,641,1347,710,1219,390,1816,1040,1157,773,993,837
367,632,373,938,641,1346,710,1219,391,1817,1039,1157,774,994,837
368,631,373,939,641,1345,710,1218,390,1816,1040,1158,775,993,837
369,632,373,939,641,1346,710,1219,390,1817,1040,1159,774,993,837
370,632,372,938,641,1345,710,1218,390,1817,1041,1158,774,992,837
371,632,373,939,642,1344,710,1219,391,1817,1041,1158,774,991,836
372,632,373,939,642,1344,709,1219,390,1817,1041,1159,774,991,835
373,632,373,937,642,1345,710,1219,389,1819,1041,1159,775,992,834
374,632,373,939,642,1343,710,1220,389,1820,1041,1160,774,991,834
375,633,372,939,642,1342,709,1221,389,1819,1040,1161,773,992,835
376,632,373,938,643,1342,708,1219,388,1819,1039,1160,773,992,835
377,632,373,938,644,1342,709,1219,388,1819,1039,1161,773,991,837
378,632,374,937,643,1342,708,1219,389,1819,1038,1162,773,991,835
379,631,374,938,643,1343,709,1220,389,1818,1039,1162,773,991,835
380,632,372,937,643,1342,708,1219,390,1820,1038,1161,773,992,835
381,632,373,938,644,1341,708,1219,390,1819,1039,1161,771,991,833
382,631,373,938,644,1341,710,1218,391,1819,1040,1161,773,990,834
383,632,374,938,645,1342,709,1219,391,1819,1039,1161,773,989,832
384,630,373,938,645,1342,710,1219,390,1819,1039,1160,773,990,831
385,630,374,936,645,1342,708,1218,391,1818,1042,1161,772,990,832
386,630,373,936,645,1342,709,1218,389,1819,1041,1161,772,991,831
387,630,373,935,645,1342,708,1218,389,1819,1041,1161,773,991,830
388,631,373,934,645,1343,709,1220,389,1819,1041,1163,773,990,830
389,630,373,936,647,1343,709,1220,389,1819,1041,1163,773,990,832
390,630,373,935,647,1342,708,1220,389,1819,1041,1163,774,988,832
391,631,372,936,648,1344,708,1220,389,1820,1042,1164,775,989,831
392,630,372,935,647,1343,708,1220,388,1820,1041,1164,774,989,831
393,632,372,938,648,1342,709,1220,389,1821,1041,1164,773,990,829
394,631,371,938,648,1343,708,1220,388,1821,1042,1164,774,988,828
395,630,371,938,648,1344,709,1221,390,1820,1041,1164,773,990,830
396,629,371,937,649,1342,708,1220,391,1819,1042,1165,773,988,829
397,629,371,938,649,1342,709,1221,391,1819,1041,1165,771,988,830
398,629,372,937,649,1341,710,1221,391,1819,1042,1164,771,987,831
399,630,372,937,649,1341,709,1221,391,1819,1042,1164,771,988,831
400,630,371,937,649,1341,709,1221,390,1819,1042,1164,770,988,831
401,630,372,938,648,1341,708,1222,390,1819,1042,1166,770,987,832
402,630,372,937,649,1340,708,1222,390,1818,1043,1166,770,987,832
403,631,372,938,650,1341,707,1222,390,1818,1043,1166,771,987,832
404,630,372,937,648,1340,706,1222,391,1818,1042,1166,771,986,831
405,630,374,939,650,1340,705,1222,389,1817,1043,1166,771,985,832
406,630,374,939,650,1339,705,1222,389,1817,1043,1166,770,986,831
407,631,374,939,651,1338,704,1221,390,1818,1043,1166,772,986,832
408,631,374,939,651,1340,705,1223,390,1818,1043,1166,771,986,831
409,630,375,939,651,1340,705,1222,389,1818,1042,1166,773,986,832
410,631,374,939,651,1339,705,1222,389,1818,1041,1167,772,985,834
411,631,373,939,651,1339,705,1222,390,1818,1041,1167,772,984,834
412,629,374,939,651,1339,705,1221,389,1818,1043,1169,772,985,835
413,629,373,939,652,1338,705,1223,390,1818,1042,1168,771,983,835
414,629,374,938,651,1338,704,1223,389,1817,1042,1166,772,984,835
415,629,374,938,650,1338,703,1223,390,1817,1043,1167,771,984,835
416,628,374,940,650,1337,702,1222,390,1817,1042,1166,771,984,834
417,629,374,939,650,1337,702,1223,390,1817,1043,1166,772,983,835
418,628,373,940,651,1336,701,1222,391,1817,1043,1164,773,983,833
419,627,373,939,652,1335,701,1222,392,1817,1042,1164,773,982,834
420,627,374,940,653,1334,701,1222,391,1819,1042,1164,773,982,833
421,627,374,939,652,1334,702,1221,390,1818,1042,1164,774,981,834
422,626,376,939,651,1333,703,1223,389,1819,1042,1166,774,982,836
423,626,374,939,650,1334,703,1222,388,1819,1044,1165,774,981,836
424,626,375,939,651,1334,704,1222,390,1818,1042,1165,772,982,834
425,625,375,938,650,1335,704,1222,389,1818,1043,1165,773,982,833
426,625,376,939,651,1334,703,1222,390,1816,1043,1165,773,982,834
427,626,376,938,649,1335,704,1221,390,1816,1042,1165,772,981,834
428,626,376,939,648,1333,704,1222,391,1816,1043,1165,773,980,836
429,626,377,939,649,1333,704,1221,392,1816,1043,1166,774,980,834
430,626,376,939,650,1332,704,1222,393,1817,1044,1167,775,980,834
431,626,376,938,649,1333,705,1221,393,1817,1044,1167,775,980,834
432,626,377,938,650,1332,705,1222,393,1816,1045,1167,775,980,832
433,626,377,937,649,1333,705,1223,395,1816,1044,1166,773,980,832
434,625,376,938,648,1333,705,1222,394,1817,1044,1169,773,980,832
435,627,376,937,649,1332,705,1222,394,1816,1044,1169,772,980,832
436,627,375,935,648,1331,705,1224,393,1816,1044,1171,774,979,832
437,627,375,936,649,1332,706,1222,392,1815,1044,1171,773,980,831
438,627,373,934,648,1333,705,1222,393,1815,1045,1170,774,979,830
439,628,372,934,648,1331,705,1222,393,1815,1044,1170,774,980,830
440,628,373,934,648,1333,705,1222,393,1815,1044,1171,773,979,829
441,628,372,934,649,1333,705,1221,392,1815,1044,1170,774,979,831
442,628,373,933,650,1333,706,1221,393,1814,1043,1170,775,980,832
443,626,375,934,649,1333,705,1220,392,1814,1043,1170,776,978,831
444,626,373,933,649,1334,706,1219,392,1815,1043,1171,778,977,830
445,626,374,934,649,1333,705,1219,390,1817,1044,1170,779,977,831
446,627,375,934,650,1332,705,1218,390,1815,1045,1169,778,975,830
447,627,374,934,649,1333,705,1218,391,1816,1045,1170,779,975,829
448,626,376,935,649,1332,704,1217,392,1815,1045,1171,778,976,828
449,627,377,934,649,1333,705,1217,392,1815,1044,1169,778,976,828
450,626,376,934,650,1331,705,1216,393,1814,1043,1170,776,976,829
451,626,377,934,649,1331,704,1216,391,1816,1043,1171,777,976,830
452,627,377,935,649,1330,705,1217,393,1816,1043,1170,775,976,830
453,627,378,935,651,1331,706,1217,392,1816,1042,1169,773,976,830
454,627,378,935,650,1329,706,1215,390,1816,1044,1169,774,975,829
455,627,377,936,649,1330,707,1215,389,1815,1043,1168,774,976,829
456,627,379,936,649,1328,708,1214,390,1815,1041,1170,773,977,829
457,626,379,936,649,1328,708,1215,391,1814,1043,1169,773,976,829
458,627,379,937,649,1328,708,1214,390,1814,1043,1169,774,976,829
459,627,380,935,650,1328,707,1215,391,1814,1043,1168,774,975,830
460,627,380,935,650,1329,709,1214,390,1814,1043,1169,775,976,830
461,627,379,935,650,1329,709,1214,391,1814,1042,1167,774,975,830
462,627,379,934,651,1329,709,1216,390,1814,1042,1167,776,975,830
463,628,378,935,651,1330,708,1219,390,1815,1041,1168,776,975,830
464,628,378,935,650,1329,709,1218,390,1814,1041,1166,775,975,828
465,628,377,935,650,1328,708,1219,390,1815,1041,1166,775,975,829
466,628,378,934,650,1329,709,1218,392,1815,1039,1167,774,976,830
467,628,378,935,650,1329,709,1217,392,1816,1039,1168,776,977,830
468,628,378,934,649,1330,709,1217,393,1815,1040,1168,776,978,830
469,628,379,935,650,1331,709,1216,394,1816,1038,1168,776,978,832
470,628,378,935,649,1333,710,1215,395,1816,1038,1167,776,978,831
471,628,379,935,649,1334,710,1216,395,1816,1038,1166,776,978,832
472,630,380,935,649,1333,711,1215,395,1815,1038,1166,776,977,832
473,629,380,935,649,1334,711,1215,395,1815,1038,1166,776,979,832
474,629,380,936,649,1334,710,1217,394,1816,1037,1165,777,979,833
475,629,381,935,650,1333,710,1215,394,1816,1036,1165,776,980,833
476,629,379,936,649,1334,711,1216,393,1815,1035,1165,776,980,833
477,629,379,935,650,1332,712,1215,392,1815,1035,1166,776,979,832
478,629,379,937,650,1333,711,1216,391,1815,1036,1166,775,979,832
479,630,381,937,651,1332,711,1215,389,1814,1035,1167,775,979,831
480,630,380,938,650,1332,711,1215,390,1814,1035,1168,775,980,831
481,630,381,939,651,1332,711,1215,390,1815,1035,1169,776,980,830
482,629,381,940,652,1332,711,1215,391,1814,1036,1170,774,980,831
483,630,381,940,650,1333,712,1215,393,1816,1035,1171,774,981,832
484,630,382,940,650,1332,712,1214,392,1816,1035,1171,773,982,832
485,631,381,940,649,1332,712,1214,395,1816,1033,1171,775,981,833
486,631,383,940,650,1330,711,1213,395,1816,1033,1171,774,981,832
487,630,382,940,650,1331,712,1215,396,1815,1033,1172,774,982,832
488,631,382,940,649,1330,711,1214,396,1815,1032,1170,775,980,833
489,631,382,940,649,1331,711,1214,396,1815,1032,1170,776,980,832
490,631,382,941,650,1330,710,1215,395,1815,1032,1169,776,980,832
491,631,382,940,650,1330,710,1216,395,1815,1033,1169,776,981,832
492,631,383,940,650,1329,710,1216,396,1815,1035,1169,776,980,831
493,630,382,940,651,1329,710,1216,396,1815,1034,1169,777,981,832
494,630,382,940,650,1330,710,1215,395,1815,1035,1168,777,980,830
495,631,382,940,650,1329,710,1218,395,1816,1035,1169,777,981,829
496,630,381,939,649,1329,712,1216,395,1816,1035,1169,776,979,828
497,632,381,940,649,1328,712,1217,395,1816,1035,1170,777,980,827
498,632,381,941,648,1328,712,1216,395,1816,1035,1170,778,981,827
499,631,381,941,648,1328,712,1215,395,1817,1034,1171,778,980,826
500,631,381,942,647,1328,714,1216,394,1816,1034,1169,778,980,826
501,631,381,942,648,1329,714,1215,393,1815,1034,1169,779,980,827
502,630,381,941,649,1330,713,1215,393,1816,1035,1170,779,980,829
503,630,380,943,648,1330,712,1215,392,1815,1034,1169,778,981,829
504,630,381,942,649,1330,713,1215,392,1814,1035,1169,778,980,827
505,630,381,944,647,1330,713,1215,394,1813,1035,1171,779,978,827
506,630,380,943,647,1330,711,1217,393,1813,1033,1170,777,979,827
507,631,381,944,648,1329,712,1217,392,1814,1035,1171,777,980,826
508,631,380,944,646,1330,710,1219,392,1813,1034,1170,778,980,824
509,631,380,944,646,1328,710,1218,391,1814,1035,1170,778,980,825
510,631,380,944,646,1328,711,1217,393,1813,1035,1171,779,981,824
511,631,380,944,646,1327,709,1216,393,1813,1034,1171,779,982,825
512,631,379,944,647,1327,710,1217,395,1814,1034,1173,780,982,827
513,630,379,944,648,1327,709,1217,396,1814,1035,1172,780,983,828
514,630,379,943,647,1328,710,1218,395,1814,1035,1174,779,984,828
515,629,379,944,647,1328,710,1219,396,1815,1035,1174,779,984,829
516,630,379,945,647,1328,711,1218,398,1815,1036,1172,779,983,828
517,629,379,943,647,1327,712,1218,397,1815,1037,1173,778,982,828
518,629,379,944,647,1327,712,1219,396,1814,1036,1174,778,982,829
519,628,380,944,648,1327,712,1219,395,1814,1036,1174,779,983,830
520,629,380,944,648,1327,713,1218,394,1814,1037,1173,780,982,829
521,628,379,944,649,1328,713,1218,396,1812,1038,1173,779,982,828
522,629,380,943,648,1328,713,1218,395,1811,1038,1173,777,982,827
523,628,380,943,648,1327,714,1216,395,1812,1037,1174,777,981,827
524,629,378,943,648,1329,714,1214,395,1811,1037,1173,776,981,826
525,630,379,942,647,1329,714,1214,396,1811,1037,1174,776,982,828
526,631,378,943,646,1330,715,1212,394,1812,1037,1172,776,982,828
527,629,378,943,646,1331,713,1212,393,1812,1036,1171,776,983,828
528,629,377,943,645,1332,713,1212,393,1811,1036,1171,778,985,828
529,630,379,942,644,1331,714,1212,392,1812,1036,1170,779,984,827
530,629,378,943,643,1331,714,1213,393,1811,1037,1172,778,985,827
531,629,377,943,643,1332,714,1211,393,1812,1038,1172,779,986,828
532,629,378,943,642,1331,715,1212,394,1812,1038,1172,780,986,829
533,630,378,943,642,1332,714,1212,394,1810,1038,1172,780,984,827
534,630,379,943,642,1332,714,1212,395,1812,1038,1173,780,985,829
535,630,377,943,641,1333,713,1212,394,1812,1038,1173,781,985,828
536,629,377,943,641,1332,713,1212,395,1812,1038,1173,780,986,829
537,629,378,943,640,1333,713,1212,396,1811,1038,1172,779,986,829
538,630,377,943,641,1334,713,1213,396,1811,1039,1172,779,985,830
539,629,378,943,640,1332,712,1213,397,1811,1039,1173,780,985,830
540,628,377,943,640,1332,713,1215,397,1811,1039,1172,780,984,830
541,629,377,944,641,1332,714,1217,397,1810,1039,1172,781,983,831
542,630,377,941,642,1332,712,1216,396,1810,1040,1172,781,982,832
543,628,377,942,642,1332,712,1216,395,1809,1040,1171,782,980,831
544,629,377,943,642,1331,710,1217,394,1809,1040,1172,783,980,832
545,628,377,943,641,1330,711,1217,393,1810,1040,1173,783,979,833
546,629,377,943,642,1330,711,1216,393,1810,1041,1171,783,980,833
547,630,377,943,642,1330,711,1218,393,1811,1039,1171,784,981,832
548,629,378,942,641,1330,712,1217,393,1810,1039,1173,784,982,833
549,628,378,943,641,1331,710,1218,394,1810,1039,1172,784,982,832
550,628,378,944,640,1330,712,1218,394,1811,1037,1172,783,981,834
551,629,378,944,641,1331,711,1217,394,1809,1040,1171,784,982,833
552,629,377,944,640,1331,711,1218,394,1809,1040,1171,782,983,833
553,628,376,944,641,1331,711,1219,395,1809,1040,1171,782,983,833
554,628,376,943,642,1332,711,1219,395,1809,1041,1170,782,982,833
555,628,376,943,642,1331,711,1221,395,1808,1040,1171,781,983,835
556,628,377,942,642,1331,711,1220,395,1808,1040,1169,781,983,835
557,629,377,941,643,1331,712,1220,394,1808,1040,1170,781,982,834
558,629,378,942,644,1332,712,1222,394,1807,1040,1169,781,983,835
559,629,377,942,644,1333,713,1222,394,1808,1039,1169,781,981,835
560,629,378,941,644,1334,713,1222,395,1806,1040,1169,781,982,834
561,629,377,941,644,1334,712,1224,395,1806,1040,1169,780,982,835
562,629,376,940,645,1334,712,1226,396,1806,1040,1168,780,982,834
563,629,378,939,645,1333,713,1225,397,1806,1039,1169,782,980,834
564,629,377,938,645,1333,712,1226,397,1806,1040,1169,784,981,833
565,629,377,938,645,1333,712,1226,398,1804,1040,1169,784,981,834
566,629,378,939,646,1332,711,1225,397,1804,1041,1169,784,981,834
567,628,378,939,645,1332,712,1226,398,1804,1040,1169,785,981,834
568,628,379,940,645,1332,712,1225,396,1803,1040,1170,783,980,832
569,628,380,940,645,1333,712,1226,396,1803,1040,1170,783,979,832
570,627,380,940,644,1334,713,1226,395,1803,1040,1170,783,978,833
571,626,379,940,644,1333,713,1226,395,1803,1040,1170,782,978,832
572,626,379,940,643,1332,713,1226,395,1802,1039,1169,781,977,833
573,626,378,941,642,1333,714,1225,395,1802,1040,1169,780,976,833
574,626,378,941,643,1333,714,1225,394,1801,1040,1168,780,975,832
575,626,378,941,643,1332,713,1226,395,1802,1039,1167,780,975,832
576,626,378,942,643,1333,715,1225,396,1800,1040,1167,779,973,832
577,626,378,940,642,1331,716,1227,396,1800,1039,1166,778,974,831
578,627,378,940,643,1333,716,1226,396,1801,1039,1168,778,973,832
579,627,378,940,642,1332,716,1227,395,1801,1040,1168,778,974,832
580,627,379,940,643,1331,717,1226,395,1801,1039,1168,777,974,832
581,626,379,940,641,1331,717,1227,396,1801,1040,1169,776,976,833
582,626,379,939,642,1332,717,1227,396,1800,1040,1168,776,976,833
583,626,379,939,642,1331,716,1227,397,1800,1042,1168,775,976,833
584,626,379,938,642,1332,716,1227,397,1800,1042,1169,775,976,833
585,626,379,937,642,1332,716,1228,397,1800,1042,1169,775,975,834
586,626,379,937,641,1330,715,1226,397,1799,1041,1169,775,976,834
587,628,380,937,643,1332,718,1226,398,1799,1041,1168,775,975,834
588,628,380,936,642,1331,717,1226,399,1797,1041,1169,775,975,833
589,628,379,937,643,1331,719,1224,398,1798,1041,1167,775,975,832
590,629,380,936,642,1331,719,1225,399,1798,1041,1169,776,976,833
591,629,380,938,643,1332,720,1224,400,1797,1040,1168,776,976,833
592,629,379,937,643,1333,721,1223,401,1798,1039,1169,776,977,834
593,630,379,937,642,1332,720,1224,401,1797,1040,1168,774,977,834
594,629,379,936,642,1332,720,1222,403,1797,1040,1168,775,977,834
595,629,378,936,642,1333,720,1222,404,1797,1041,1169,774,977,835
596,629,378,935,641,1334,719,1222,402,1797,1040,1169,775,976,834
597,629,378,935,641,1334,720,1223,404,1797,1041,1169,773,976,835
598,629,378,935,641,1335,720,1223,403,1798,1041,1169,772,976,834
599,628,378,935,641,1335,721,1223,403,1796,1042,1169,773,974,835
600,628,379,935,641,1336,721,1224,402,1796,1041,1167,772,974,836
601,628,379,937,641,1336,722,1223,403,1796,1041,1168,772,975,835
602,627,380,935,642,1334,722,1224,403,1795,1042,1167,773,976,835
603,629,380,936,642,1334,722,1224,402,1794,1041,1167,774,976,837
604,629,381,937,643,1334,723,1224,401,1795,1041,1168,774,976,836
605,628,381,937,642,1334,723,1224,401,1795,1040,1169,773,977,837
606,629,381,937,644,1334,725,1224,401,1794,1041,1168,773,977,836
607,629,381,937,643,1335,723,1224,400,1795,1042,1167,774,976,834
608,630,381,936,643,1336,724,1224,402,1794,1041,1169,775,977,835
609,628,381,936,643,1337,724,1224,400,1794,1042,1170,776,977,834
610,629,382,937,642,1339,725,1225,402,1793,1041,1169,775,976,833
611,628,381,936,642,1338,724,1225,401,1793,1041,1169,773,975,833
612,629,381,937,642,1339,725,1225,400,1794,1041,1170,773,975,832
613,628,380,937,642,1337,724,1225,400,1795,1041,1170,774,974,832
614,628,380,938,643,1338,725,1226,400,1795,1041,1169,772,974,832
615,629,380,937,645,1339,725,1226,402,1796,1041,1169,770,975,834
616,629,381,937,643,1339,724,1226,401,1795,1041,1169,771,977,832
617,629,380,937,642,1340,724,1227,402,1795,1040,1169,770,976,833
618,628,379,936,643,1339,725,1226,402,1796,1039,1169,772,977,832
619,629,379,937,643,1340,725,1226,403,1796,1040,1169,771,976,831
620,630,379,936,643,1339,725,1226,405,1796,1039,1168,771,976,831
621,630,378,936,642,1338,725,1225,405,1796,1040,1167,771,976,831
622,629,378,936,643,1340,725,1226,405,1796,1040,1166,772,976,830
623,628,378,936,643,1340,725,1225,404,1796,1040,1167,772,975,828
624,629,377,936,643,1339,724,1225,405,1796,1040,1166,772,974,827
625,628,377,937,644,1340,726,1225,406,1796,1041,1166,771,975,829
626,629,377,936,643,1339,725,1225,405,1796,1041,1166,771,975,829
627,629,377,935,643,1339,725,1225,404,1796,1040,1164,771,975,829
628,629,377,935,644,1339,726,1224,404,1797,1042,1166,769,975,829
629,630,377,934,642,1339,726,1225,404,1796,1042,1166,770,975,829
630,628,376,935,642,1339,726,1225,405,1797,1042,1167,771,974,828
631,629,376,934,641,1340,725,1225,405,1797,1042,1167,771,973,828
632,628,377,933,641,1339,725,1226,405,1799,1043,1167,771,974,829
633,628,377,933,641,1339,726,1225,404,1799,1042,1166,772,974,830
634,627,378,934,640,1339,725,1227,405,1799,1042,1167,771,974,829
635,627,378,933,640,1339,726,1229,405,1799,1042,1168,771,973,829
636,626,378,933,639,1340,725,1228,406,1798,1042,1168,772,971,830
637,627,377,933,639,1341,726,1227,406,1799,1042,1168,772,971,828
638,627,377,932,639,1341,726,1229,407,1798,1043,1169,773,970,829
639,626,376,932,640,1340,726,1229,406,1799,1043,1168,771,970,829
640,626,376,934,639,1341,727,1230,407,1799,1043,1168,772,970,829
641,627,375,934,640,1342,726,1230,406,1800,1043,1168,771,971,829
642,626,375,935,640,1341,727,1230,405,1798,1042,1168,770,971,831
643,626,375,935,639,1342,726,1229,405,1799,1042,1167,771,970,831
644,626,375,935,640,1342,725,1228,405,1799,1044,1168,771,970,833
645,627,375,935,640,1342,725,1228,405,1799,1044,1167,771,971,833
646,626,374,935,642,1342,723,1229,404,1799,1044,1167,772,971,833
647,626,374,935,641,1342,724,1228,405,1799,1045,1167,772,969,833
648,627,374,935,642,1343,722,1228,405,1799,1046,1166,771,970,832
649,626,374,937,642,1343,722,1229,405,1799,1044,1165,772,969,833
650,626,374,938,643,1343,721,1229,405,1799,1046,1165,773,967,833
651,628,374,938,642,1342,721,1229,406,1799,1045,1166,773,969,834
652,628,375,937,642,1342,720,1230,406,1799,1045,1167,773,969,834
653,627,374,937,642,1342,721,1230,404,1799,1047,1168,775,968,832
654,627,376,938,640,1341,721,1231,404,1799,1047,1168,773,968,833
655,626,376,938,642,1342,721,1231,403,1799,1045,1168,772,968,834
656,627,375,937,641,1340,721,1230,403,1798,1046,1167,773,968,833
657,627,376,936,640,1340,721,1229,404,1798,1045,1165,771,968,834
658,628,375,937,640,1340,721,1230,405,1797,1045,1165,770,967,834
659,627,375,938,640,1339,722,1229,405,1797,1045,1164,769,967,835
660,627,375,936,640,1338,723,1231,406,1797,1045,1165,769,967,834
661,625,375,937,640,1339,721,1231,405,1797,1045,1164,770,967,836
662,624,376,937,640,1339,721,1232,406,1796,1045,1162,770,968,835
663,624,377,936,640,1340,722,1231,405,1796,1045,1162,769,967,835
664,624,376,936,640,1340,724,1233,405,1795,1044,1162,769,969,834
665,624,377,935,640,1340,723,1232,406,1797,1045,1162,767,969,834
666,625,377,936,639,1340,724,1233,405,1796,1046,1161,767,967,833
667,626,377,936,639,1340,724,1232,404,1795,1047,1162,767,967,835
668,625,376,935,639,1339,725,1232,403,1796,1047,1161,767,967,834
669,626,377,935,638,1341,724,1232,403,1794,1047,1160,768,967,834
670,624,377,934,638,1340,724,1233,403,1795,1048,1159,769,968,833
671,625,376,935,638,1340,722,1233,403,1795,1047,1158,770,968,834
672,624,377,935,637,1339,722,1232,404,1795,1048,1157,769,967,834
673,625,378,935,639,1340,723,1232,406,1796,1049,1156,770,967,835
674,625,377,934,639,1341,723,1232,406,1795,1049,1156,771,967,834
675,625,377,934,641,1342,724,1232,407,1796,1049,1156,771,967,833
676,625,377,935,641,1341,723,1232,407,1797,1049,1156,772,967,834
677,625,377,936,640,1341,725,1232,408,1797,1050,1156,772,967,834
678,625,375,936,641,1341,726,1231,409,1797,1048,1157,772,967,832
679,625,375,937,641,1342,726,1231,408,1798,1049,1157,773,966,833
680,626,375,935,641,1342,727,1231,407,1797,1048,1157,774,966,834
681,625,374,936,642,1343,727,1231,406,1796,1048,1157,775,968,834
682,625,375,935,641,1343,727,1231,406,1796,1048,1157,775,967,833
683,626,375,936,641,1343,727,1232,407,1796,1050,1157,775,968,833
684,627,375,935,642,1343,728,1231,407,1795,1048,1157,774,967,833
685,626,374,936,642,1343,727,1231,409,1796,1048,1157,774,966,834
686,627,375,936,642,1343,728,1232,409,1796,1048,1156,775,965,835
687,626,376,936,642,1344,727,1232,409,1796,1047,1156,774,965,834
688,626,375,936,644,1343,728,1231,408,1796,1047,1156,774,964,834
689,627,377,938,643,1342,727,1232,409,1795,1048,1156,774,963,835
690,626,376,938,644,1342,727,1231,411,1795,1047,1156,774,963,835
691,626,377,938,644,1342,728,1231,409,1795,1047,1155,772,963,836
692,625,378,936,643,1341,727,1232,409,1797,1048,1156,773,964,835
693,626,378,938,642,1341,727,1230,409,1795,1048,1156,775,962,835
694,626,378,937,642,1341,727,1230,408,1796,1048,1156,774,962,834
695,626,378,937,642,1341,726,1231,409,1797,1048,1156,774,963,834
696,626,379,936,643,1341,726,1231,408,1797,1048,1155,774,962,834
697,627,379,938,644,1341,726,1230,408,1797,1049,1156,774,963,833
698,625,379,938,643,1340,727,1229,408,1797,1049,1155,774,961,834
699,626,378,939,644,1342,726,1230,408,1796,1050,1156,773,962,834
700,626,379,939,645,1342,726,1230,408,1796,1050,1155,772,962,835
701,625,379,940,645,1342,726,1230,407,1796,1050,1155,773,962,833
702,625,380,940,644,1342,726,1228,406,1797,1049,1155,773,963,835
703,624,380,939,644,1342,726,1228,406,1797,1051,1155,772,962,835
704,624,380,938,644,1343,727,1228,406,1796,1051,1155,771,962,834
705,624,380,938,645,1342,726,1227,406,1797,1051,1155,772,961,835
706,623,380,938,644,1342,727,1227,407,1797,1051,1152,771,962,834
707,622,381,939,644,1341,727,1226,409,1797,1052,1154,769,962,835
708,622,381,939,645,1340,727,1226,408,1797,1050,1153,771,963,834
709,623,382,939,645,1340,726,1227,406,1797,1050,1153,771,962,834
710,624,382,939,645,1340,726,1226,406,1797,1051,1153,771,962,834
711,624,383,940,643,1340,726,1226,405,1795,1051,1152,771,962,834
712,624,382,940,644,1340,726,1226,402,1796,1051,1152,772,962,835
713,624,383,939,643,1339,726,1225,402,1796,1052,1151,770,962,834
714,624,381,940,645,1340,726,1225,403,1796,1052,1150,769,963,835
715,624,381,939,644,1341,725,1225,402,1796,1051,1151,768,962,833
716,624,381,940,644,1341,724,1224,401,1796,1051,1151,767,963,834
717,624,381,940,644,1340,724,1224,401,1795,1051,1151,768,964,834
718,623,381,940,645,1341,724,1225,401,1795,1051,1152,766,963,835
719,624,380,941,644,1341,724,1225,399,1794,1051,1150,765,963,834
720,624,380,941,643,1339,724,1227,400,1795,1052,1149,766,963,834
721,623,381,942,643,1341,724,1226,402,1796,1052,1150,765,962,834
722,625,381,941,643,1340,724,1225,403,1796,1051,1149,765,962,835
723,624,382,940,644,1340,724,1225,403,1795,1053,1149,766,961,835
724,624,381,939,643,1340,725,1223,402,1796,1052,1149,766,961,834
725,623,382,939,645,1340,725,1222,401,1797,1053,1149,765,962,834
726,624,381,938,644,1340,726,1222,403,1796,1052,1148,766,962,833
727,625,381,938,645,1341,725,1222,403,1795,1053,1148,766,962,834
728,625,380,938,645,1341,724,1222,404,1796,1053,1148,766,963,834
729,625,380,938,643,1342,724,1221,404,1796,1053,1148,767,964,835
730,625,381,937,644,1343,724,1220,405,1797,1053,1147,769,963,835
731,625,380,936,644,1343,725,1219,405,1796,1051,1148,768,961,835
732,625,382,937,643,1345,726,1220,403,1795,1052,1147,768,963,834
733,625,382,936,643,1345,726,1219,405,1796,1053,1148,769,965,835
734,625,383,937,644,1347,724,1218,405,1795,1053,1148,769,964,835
735,625,381,937,645,1350,725,1218,406,1796,1054,1147,768,964,835
736,625,382,937,644,1349,726,1217,405,1795,1054,1149,768,965,836
737,626,381,937,644,1350,725,1219,404,1795,1054,1149,768,964,835
738,626,382,935,642,1351,726,1219,405,1796,1053,1148,767,963,836
739,628,382,935,643,1351,727,1218,404,1794,1053,1149,769,964,837
740,627,382,935,643,1351,727,1219,405,1794,1052,1149,769,963,836
741,627,382,935,643,1350,727,1218,405,1794,1054,1149,771,963,836
742,627,382,936,643,1351,727,1218,405,1795,1054,1148,768,963,836
743,628,383,937,644,1353,727,1219,406,1794,1054,1148,769,964,835
744,627,383,937,643,1351,726,1219,406,1794,1054,1148,769,964,836
745,628,384,936,644,1350,728,1219,408,1794,1054,1149,769,963,835
746,628,384,936,643,1349,728,1220,407,1794,1055,1148,769,964,834
747,627,385,936,644,1349,728,1221,406,1796,1055,1148,769,963,835
748,626,384,936,643,1350,729,1221,407,1795,1054,1148,770,964,834
749,627,385,935,643,1349,728,1219,407,1796,1054,1145,769,964,834
750,626,386,936,641,1349,728,1219,406,1795,1052,1146,770,964,833
751,627,385,935,641,1349,730,1221,407,1794,1052,1146,770,963,834
752,626,385,936,642,1349,729,1219,407,1795,1051,1147,772,962,834
753,626,385,937,640,1349,731,1220,407,1794,1051,1147,771,964,833
754,625,385,938,641,1349,730,1221,407,1794,1050,1148,772,963,835
755,625,385,938,641,1348,731,1221,407,1793,1052,1148,771,962,834
756,625,385,937,641,1349,732,1221,408,1793,1051,1148,771,961,834
757,626,384,939,640,1349,731,1221,409,1793,1051,1149,770,961,834
758,625,386,937,640,1349,731,1221,410,1793,1050,1149,771,961,835
759,625,385,939,638,1350,731,1221,411,1793,1050,1150,772,962,836
760,625,385,938,639,1350,730,1222,412,1793,1050,1150,772,963,837
761,624,385,937,639,1350,731,1222,412,1793,1050,1152,772,964,836
762,626,386,938,638,1349,730,1222,413,1793,1050,1151,773,965,835
763,626,385,940,638,1349,730,1225,410,1793,1051,1150,773,963,835
764,626,386,939,638,1348,730,1223,411,1794,1051,1150,774,964,835
765,626,386,939,639,1348,731,1224,410,1793,1051,1149,774,963,836
766,627,385,939,639,1348,730,1223,411,1794,1051,1150,773,962,838
767,626,385,939,638,1347,730,1222,411,1793,1051,1149,773,962,836
768,627,384,938,640,1348,730,1222,412,1791,1052,1149,773,961,837
769,626,385,936,640,1348,730,1222,410,1792,1052,1149,773,962,837
770,627,384,936,642,1348,730,1223,412,1792,1053,1149,773,963,837
771,626,385,936,641,1349,731,1222,412,1793,1053,1150,772,964,837
772,626,385,937,641,1348,731,1223,411,1791,1052,1151,773,965,837
773,626,384,936,641,1349,732,1222,413,1792,1051,1151,772,965,837
774,626,385,935,641,1350,731,1221,413,1792,1051,1152,771,965,835
775,625,386,934,640,1350,732,1220,412,1793,1050,1151,771,966,835
776,626,384,934,639,1349,731,1221,411,1792,1050,1151,773,968,835
777,626,384,933,641,1349,732,1222,411,1793,1051,1151,771,968,834
778,626,384,934,640,1348,731,1221,411,1792,1052,1151,771,968,834
779,627,384,932,638,1348,731,1223,412,1793,1052,1151,773,969,833
780,627,384,933,639,1348,730,1222,414,1793,1051,1152,773,969,835
781,627,384,934,640,1346,730,1221,414,1794,1052,1152,776,968,834
782,628,384,934,640,1345,731,1222,414,1794,1052,1150,775,967,835
783,626,384,934,639,1347,731,1221,414,1794,1053,1150,775,967,835
784,626,386,933,639,1346,732,1222,415,1793,1053,1149,775,968,835
785,626,385,933,639,1347,732,1223,415,1793,1054,1148,775,967,834
786,627,385,932,640,1346,731,1222,416,1793,1054,1148,775,969,834
787,628,386,933,642,1348,731,1222,416,1792,1054,1148,774,967,835
788,627,385,933,641,1347,731,1221,416,1792,1052,1147,775,967,836
789,628,385,933,643,1347,732,1220,416,1790,1052,1147,775,965,836
790,627,385,932,643,1348,732,1219,416,1791,1050,1148,774,966,836
791,627,385,932,643,1347,732,1220,415,1791,1051,1149,776,963,834
792,627,385,932,643,1347,732,1221,417,1790,1049,1148,775,964,835
793,626,386,933,642,1347,732,1220,417,1790,1049,1148,775,964,835
794,626,386,932,643,1347,732,1220,416,1790,1049,1149,775,964,836
795,627,386,932,644,1347,731,1220,417,1789,1048,1149,775,964,835
796,627,387,933,645,1347,732,1220,417,1790,1048,1149,775,964,836
797,629,387,931,646,1346,732,1220,418,1789,1048,1148,776,963,838
798,629,387,933,645,1346,733,1221,418,1791,1050,1149,776,962,838
799,628,387,932,645,1345,731,1222,419,1790,1049,1149,777,961,837
800,629,386,932,644,1345,731,1219,419,1790,1050,1148,777,962,836
801,628,387,931,645,1344,732,1220,419,1790,1051,1149,777,963,836
802,628,385,931,646,1345,732,1221,419,1791,1050,1149,776,964,837
803,628,385,931,647,1344,733,1220,421,1790,1050,1148,777,962,837
804,627,385,931,647,1343,733,1221,420,1790,1050,1148,778,961,837
805,627,385,931,646,1342,734,1223,422,1791,1049,1149,778,962,837
806,626,384,931,646,1342,734,1222,421,1790,1048,1148,778,963,837
807,626,385,931,647,1342,734,1221,420,1791,1049,1148,777,961,836
808,627,385,932,647,1342,734,1221,422,1791,1049,1149,778,962,837
809,626,386,931,647,1343,735,1221,423,1791,1049,1149,779,962,836
810,627,386,932,648,1343,735,1220,424,1790,1049,1149,778,963,835
811,627,386,931,647,1342,736,1220,424,1791,1049,1150,779,962,836
812,626,386,931,648,1342,736,1218,425,1791,1050,1149,777,962,835
813,627,387,931,649,1342,735,1218,425,1792,1049,1151,777,961,835
814,626,386,931,648,1341,736,1216,423,1792,1050,1151,777,960,836
815,627,386,931,649,1341,736,1218,422,1791,1050,1152,777,960,835
816,626,386,931,649,1342,735,1216,423,1790,1051,1153,776,959,836
817,625,385,932,650,1340,736,1215,423,1790,1051,1154,777,958,835
818,626,385,931,648,1342,735,1214,422,1790,1051,1154,776,957,834
819,625,386,932,649,1341,735,1212,420,1789,1052,1153,776,957,833
820,626,386,931,648,1340,735,1210,422,1790,1052,1153,776,958,834
821,626,386,932,649,1340,736,1210,423,1789,1052,1152,777,957,831
822,626,387,932,650,1339,735,1209,422,1789,1051,1152,778,958,832
823,626,387,932,650,1339,736,1209,423,1789,1052,1154,778,958,831
824,626,386,932,650,1340,736,1208,421,1789,1052,1153,778,958,830
825,626,386,932,650,1340,735,1208,422,1789,1052,1153,778,959,829
826,626,387,932,650,1340,736,1209,422,1788,1053,1153,777,958,830
827,626,387,932,650,1338,735,1209,421,1789,1052,1153,779,958,829
828,626,387,932,651,1338,736,1209,422,1789,1053,1152,779,956,829
829,626,389,932,652,1339,735,1209,423,1787,1054,1152,780,957,830
830,626,389,931,651,1340,736,1210,422,1788,1053,1153,780,959,828
831,625,390,933,651,1342,735,1210,423,1787,1053,1151,779,959,826
832,626,391,932,651,1341,736,1210,424,1787,1051,1151,779,959,826
833,626,391,931,651,1340,738,1211,424,1787,1051,1150,779,958,827
834,626,390,932,652,1340,739,1211,424,1785,1051,1149,779,957,826
835,626,391,932,653,1340,739,1210,424,1787,1051,1151,778,957,826
836,627,391,932,652,1341,739,1210,423,1786,1052,1152,778,957,826
837,626,391,931,653,1343,739,1210,423,1787,1052,1153,778,957,827
838,626,389,931,654,1343,738,1210,422,1787,1051,1153,777,957,828
839,626,390,932,653,1342,738,1209,423,1788,1051,1153,777,957,826
840,626,389,931,654,1342,738,1211,425,1789,1050,1152,777,956,828
841,625,389,931,652,1340,738,1211,426,1789,1051,1152,777,956,829
842,625,389,930,652,1342,737,1212,426,1789,1050,1153,775,955,829
843,625,388,931,652,1341,737,1211,427,1788,1051,1152,775,954,829
844,626,388,930,653,1341,737,1212,426,1789,1051,1152,777,954,830
845,626,389,931,652,1341,736,1212,425,1789,1050,1152,778,954,829
846,624,389,931,652,1341,738,1213,426,1789,1051,1151,779,954,829
847,626,388,931,654,1341,737,1214,425,1789,1050,1151,778,954,829
848,624,387,931,654,1340,739,1215,425,1788,1052,1152,777,954,830
849,625,388,930,654,1340,738,1216,425,1789,1051,1152,778,954,830
850,625,386,931,655,1340,737,1216,427,1787,1052,1152,777,954,830
851,625,386,932,655,1340,737,1217,427,1788,1051,1153,776,954,828
852,624,386,932,654,1340,736,1216,427,1787,1051,1153,777,953,829
853,624,386,933,654,1341,738,1215,426,1788,1053,1152,778,952,827
854,623,386,933,652,1341,736,1215,426,1787,1053,1152,778,954,829
855,623,386,934,652,1342,737,1213,425,1786,1053,1151,779,954,828
856,623,386,934,652,1343,738,1214,425,1788,1052,1152,779,954,828
857,622,385,934,652,1344,737,1214,425,1787,1053,1152,780,954,829
858,622,387,934,651,1343,737,1213,426,1787,1053,1152,780,954,830
859,621,386,933,652,1343,738,1214,426,1787,1052,1153,780,952,828
860,621,387,933,652,1342,739,1214,426,1786,1051,1153,782,953,831
861,620,386,934,652,1341,739,1212,426,1786,1051,1153,780,953,831
862,621,387,934,652,1342,738,1211,424,1787,1051,1154,780,955,831
863,620,387,933,652,1341,737,1210,423,1788,1052,1155,780,953,830
864,620,388,933,652,1341,737,1211,422,1788,1052,1153,779,953,831
865,619,387,933,653,1342,737,1211,421,1787,1051,1154,779,951,831
866,619,387,932,653,1340,738,1211,422,1787,1051,1154,778,951,831
867,619,387,933,653,1341,738,1211,423,1789,1051,1153,778,950,831
868,619,387,933,652,1342,739,1211,421,1789,1050,1153,777,951,831
869,620,388,933,652,1342,740,1212,420,1789,1051,1154,777,951,833
870,619,388,934,652,1341,739,1214,420,1789,1051,1151,776,950,832
871,620,390,934,652,1342,739,1214,420,1791,1052,1152,778,950,833
872,620,390,934,652,1342,739,1211,419,1791,1051,1152,777,949,832
873,619,389,934,652,1341,739,1212,419,1792,1051,1152,779,948,832
874,619,389,934,653,1340,740,1214,419,1792,1052,1153,778,949,831
875,619,387,935,652,1341,742,1213,421,1792,1052,1153,779,948,830
876,620,387,935,652,1342,742,1213,420,1792,1052,1153,780,949,832
877,620,387,936,652,1342,742,1214,422,1792,1052,1152,780,949,832
878,618,387,935,652,1342,742,1212,421,1791,1053,1152,780,950,832
879,618,387,936,651,1341,742,1213,421,1791,1051,1153,782,950,832
880,618,387,937,652,1341,742,1212,424,1793,1051,1153,781,950,833
881,618,387,938,650,1341,743,1212,425,1792,1051,1151,781,950,833
882,619,387,937,650,1341,743,1211,426,1792,1050,1151,781,951,833
883,619,387,937,651,1342,743,1211,427,1793,1052,1151,781,950,833
884,619,387,937,651,1343,743,1212,427,1793,1052,1151,781,950,833
885,620,387,936,651,1342,743,1211,427,1793,1052,1150,781,951,832
886,620,387,937,651,1342,742,1213,426,1793,1052,1150,780,952,832
887,618,387,936,651,1342,742,1213,426,1793,1052,1151,782,953,831
888,618,386,937,650,1341,744,1214,426,1793,1053,1151,781,952,830
889,618,386,937,650,1342,744,1215,427,1793,1052,1152,782,952,830
890,618,386,937,649,1342,745,1216,427,1792,1052,1152,782,953,830
891,619,386,937,650,1342,746,1216,427,1793,1051,1150,781,953,830
892,620,386,936,650,1341,745,1216,427,1793,1052,1151,781,954,829
893,620,385,937,651,1341,745,1214,425,1793,1051,1150,780,955,829
894,620,386,936,651,1340,745,1215,426,1793,1052,1150,780,955,829
895,619,384,936,652,1341,745,1215,425,1791,1051,1150,780,956,829
896,619,384,936,651,1341,743,1216,425,1791,1051,1151,780,957,828
897,619,384,936,652,1341,743,1214,426,1791,1051,1151,780,955,828
898,618,383,934,652,1340,742,1214,427,1791,1052,1150,781,955,827
899,619,384,934,652,1341,742,1213,427,1791,1051,1149,780,954,826
900,618,384,933,652,1340,742,1213,427,1791,1051,1150,780,954,826
901,617,382,932,653,1340,741,1212,428,1789,1051,1149,779,954,827
902,618,383,932,653,1340,742,1212,428,1789,1051,1149,778,954,826
903,617,382,931,653,1340,742,1212,427,1789,1052,1148,777,955,826
904,617,384,931,652,1339,742,1212,427,1789,1051,1148,777,955,826
905,617,383,932,653,1340,743,1213,426,1789,1052,1148,777,954,826
906,617,384,932,652,1340,742,1214,428,1788,1052,1147,777,954,828
907,616,383,932,652,1341,741,1215,426,1789,1051,1146,776,955,828
908,617,384,931,650,1341,741,1216,427,1788,1051,1145,776,954,827
909,616,384,931,652,1341,742,1216,426,1788,1051,1146,776,953,827
910,617,384,929,649,1340,742,1215,427,1789,1053,1146,776,954,828
911,617,384,930,651,1340,742,1217,427,1788,1050,1147,776,955,826
912,617,384,930,649,1341,743,1217,428,1789,1051,1145,775,954,827
913,616,384,929,650,1341,743,1217,428,1789,1053,1147,776,956,827
914,617,385,929,651,1341,742,1218,427,1789,1052,1145,775,955,827
915,617,384,929,652,1340,742,1216,428,1789,1054,1146,775,956,827
916,617,384,929,653,1341,743,1215,427,1790,1053,1145,775,955,825
917,617,384,929,652,1340,743,1214,428,1790,1053,1144,774,955,825
918,617,384,928,651,1339,744,1212,429,1789,1053,1145,774,955,824
919,618,385,929,652,1338,742,1213,430,1790,1052,1145,773,955,824
920,617,384,928,651,1336,743,1211,430,1790,1052,1144,773,954,823
921,618,385,929,652,1335,743,1213,429,1790,1053,1143,773,955,825
922,618,384,929,652,1334,744,1212,429,1789,1053,1143,773,955,825
923,617,384,929,651,1333,742,1212,431,1791,1053,1142,772,955,825
924,617,384,929,653,1333,743,1211,430,1790,1054,1142,773,955,825
925,617,385,929,651,1331,742,1211,431,1791,1053,1142,772,954,824
926,616,383,931,652,1331,742,1211,430,1790,1054,1143,773,955,823
927,617,384,930,652,1331,743,1210,430,1791,1054,1143,773,955,824
928,617,384,930,651,1331,743,1210,428,1790,1054,1143,775,955,823
929,616,384,930,650,1332,742,1210,428,1791,1055,1144,773,955,824
930,615,384,929,652,1332,741,1210,428,1791,1055,1143,773,956,825
931,616,384,930,651,1331,742,1211,428,1791,1056,1143,772,955,823
932,615,384,930,653,1331,742,1210,428,1791,1056,1144,772,955,825
933,615,384,930,652,1332,741,1210,429,1791,1055,1144,771,954,824
934,614,383,930,654,1333,740,1209,429,1790,1056,1144,772,954,823
935,614,385,931,653,1332,739,1210,428,1791,1056,1145,771,954,824
936,613,385,932,654,1331,739,1210,427,1790,1056,1144,771,954,823
937,612,385,932,655,1330,738,1210,427,1789,1056,1143,770,954,825
938,611,385,932,654,1330,739,1210,428,1789,1056,1144,770,954,824
939,611,385,934,654,1328,739,1211,428,1789,1056,1144,769,955,823
940,610,384,933,654,1328,739,1210,427,1788,1057,1145,770,955,822
941,611,384,934,654,1328,739,1211,428,1788,1058,1146,771,955,822
942,610,384,934,654,1327,738,1209,429,1788,1059,1145,771,955,822
943,610,384,933,655,1329,738,1210,428,1787,1059,1145,771,954,822
944,611,384,933,655,1328,738,1209,429,1787,1058,1145,771,954,821
945,611,384,933,655,1328,738,1209,429,1787,1060,1145,769,954,822
946,613,383,932,655,1330,738,1209,430,1786,1059,1145,771,954,822
947,613,383,934,656,1328,738,1208,430,1786,1061,1145,770,955,823
948,612,384,933,656,1329,739,1209,429,1786,1060,1145,771,952,823
949,612,383,933,655,1330,738,1209,429,1785,1061,1145,771,952,821
950,612,384,933,656,1330,738,1210,429,1784,1061,1143,771,951,821
951,611,384,932,656,1331,738,1210,430,1784,1061,1144,772,952,820
952,610,383,932,655,1331,736,1211,430,1784,1061,1143,772,952,820
953,610,384,933,655,1331,738,1211,431,1784,1062,1144,772,952,821
954,611,383,933,656,1332,736,1212,432,1783,1062,1144,772,953,819
955,611,383,932,655,1333,737,1211,432,1783,1062,1145,772,953,821
956,611,383,931,655,1333,736,1210,433,1783,1063,1145,772,954,820
957,612,383,931,655,1333,737,1212,433,1783,1062,1146,771,954,820
958,611,383,932,655,1334,737,1211,434,1784,1063,1145,772,954,820
959,611,383,931,654,1334,737,1211,434,1783,1062,1145,773,954,821
960,612,382,930,655,1335,736,1210,435,1784,1063,1145,773,954,821
961,613,383,930,654,1336,737,1208,434,1784,1063,1147,773,954,822
962,613,382,930,655,1335,736,1210,435,1784,1063,1146,773,954,822
963,613,381,928,654,1336,737,1210,434,1784,1063,1145,773,954,821
964,613,382,929,654,1335,735,1211,434,1784,1063,1144,774,954,819
965,614,381,929,655,1335,736,1210,433,1783,1064,1145,772,952,820
966,613,382,929,655,1335,735,1211,434,1783,1064,1145,772,953,821
967,612,381,927,655,1335,735,1211,433,1783,1063,1146,771,952,822
968,613,381,928,655,1332,735,1211,435,1782,1064,1144,772,952,822
969,612,381,927,655,1333,735,1211,433,1783,1062,1144,772,950,824
970,611,382,927,653,1332,736,1211,433,1782,1063,1144,773,950,824
971,612,381,927,654,1332,738,1211,432,1782,1063,1145,772,951,823
972,610,382,928,653,1333,738,1211,432,1782,1064,1145,771,951,823
973,612,380,928,652,1331,737,1211,432,1782,1063,1145,772,950,824
974,612,380,928,653,1333,739,1211,432,1782,1062,1146,772,951,823
975,611,380,928,653,1332,736,1208,434,1781,1063,1146,772,952,823
976,611,381,930,653,1332,736,1210,434,1783,1061,1147,773,952,824
977,610,381,930,653,1332,737,1207,434,1781,1063,1145,772,952,824
978,611,380,930,654,1331,736,1207,433,1781,1062,1146,771,952,824
979,610,381,931,653,1330,736,1206,433,1781,1061,1146,771,952,823
980,610,381,931,653,1330,737,1206,433,1781,1061,1144,770,952,824
981,611,382,930,653,1329,736,1206,431,1780,1063,1145,770,952,823
982,610,383,930,654,1329,737,1204,431,1780,1062,1146,771,953,822
983,611,383,929,653,1329,737,1204,430,1781,1060,1145,771,952,822
984,610,382,928,653,1328,736,1202,431,1780,1061,1143,771,952,821
985,610,383,928,652,1328,737,1202,431,1781,1061,1145,771,952,823
986,610,383,928,652,1328,738,1201,432,1781,1062,1145,771,951,824
987,610,383,928,651,1326,738,1203,431,1782,1062,1145,772,950,823
988,610,383,927,652,1326,738,1204,429,1781,1062,1144,770,949,825
989,609,382,926,652,1326,739,1204,430,1781,1063,1145,771,948,823
990,609,383,927,653,1325,740,1204,429,1781,1063,1145,772,948,822
991,610,383,925,652,1324,741,1203,430,1781,1064,1145,771,947,822
992,609,383,926,653,1324,740,1204,429,1779,1064,1144,770,947,821
993,610,383,925,654,1325,741,1206,428,1780,1064,1143,771,946,821
994,611,383,925,654,1325,740,1204,428,1780,1064,1144,770,947,820
995,611,383,925,655,1325,741,1204,428,1780,1065,1143,771,946,820
996,610,382,928,655,1325,740,1204,429,1780,1066,1143,771,946,821
997,610,383,926,655,1326,741,1204,427,1780,1065,1144,772,946,821
998,609,383,927,656,1326,741,1204,428,1779,1065,1144,769,945,821
999,609,383,928,655,1326,741,1203,427,1779,1064,1144,769,947,821
1000,610,384,929,656,1325,742,1203,427,1778,1065,1144,770,944,822
1001,609,384,928,654,1323,742,1203,428,1778,1064,1145,771,946,821
1002,609,386,928,655,1324,741,1202,428,1778,1064,1145,771,945,822
1003,610,385,928,656,1323,743,1202,428,1778,1063,1144,771,945,821
1004,609,385,928,656,1323,742,1201,429,1778,1063,1144,771,945,822
1005,610,385,927,656,1322,741,1201,429,1777,1063,1143,772,945,822
1006,610,385,927,655,1322,741,1200,429,1778,1063,1143,772,945,822
1007,609,384,927,653,1322,741,1200,428,1778,1064,1143,774,945,823
1008,608,386,925,654,1321,741,1201,427,1778,1065,1142,772,944,821
1009,608,385,925,654,1320,741,1199,427,1779,1065,1143,773,944,822
1010,607,387,925,655,1320,741,1198,426,1779,1064,1143,773,945,822
1011,608,387,923,655,1319,741,1199,426,1779,1063,1142,772,944,822
1012,608,387,923,656,1320,742,1199,426,1780,1063,1142,774,945,822
1013,609,388,923,655,1319,740,1198,423,1780,1063,1140,774,945,822
1014,608,388,924,654,1318,741,1199,425,1780,1064,1140,772,946,823
1015,609,388,924,655,1320,740,1197,424,1780,1064,1141,772,945,823
1016,609,388,924,654,1320,740,1197,423,1780,1065,1139,772,946,824
1017,608,388,924,654,1321,740,1199,423,1780,1064,1138,772,946,825
1018,609,388,924,653,1322,740,1198,423,1781,1065,1138,773,946,826
1019,609,390,925,654,1322,740,1199,422,1781,1065,1138,772,946,826
1020,609,390,925,655,1322,740,1201,422,1782,1065,1137,772,946,824
1021,608,391,925,655,1321,740,1201,421,1781,1065,1139,772,945,823
1022,609,391,926,655,1321,740,1201,421,1782,1064,1137,772,946,822
1023,608,392,925,654,1321,740,1202,422,1781,1065,1138,773,946,822
1024,609,391,925,654,1320,740,1201,422,1780,1064,1139,773,945,822
1025,607,392,927,655,1320,740,1201,421,1780,1064,1138,772,945,822
1026,607,391,926,656,1322,740,1200,421,1781,1063,1138,772,945,822
1027,607,391,926,655,1321,740,1200,419,1781,1063,1138,772,947,821
1028,606,389,925,656,1322,740,1200,420,1781,1063,1136,773,948,821
1029,606,391,925,657,1321,739,1200,420,1781,1063,1136,772,948,821
1030,606,388,925,657,1321,738,1199,421,1781,1061,1135,773,947,823
1031,606,389,924,659,1319,739,1200,422,1781,1061,1135,773,947,822
1032,607,389,924,658,1320,739,1200,423,1781,1061,1137,773,947,824
1033,607,389,925,659,1319,739,1199,423,1783,1060,1136,773,948,824
1034,607,388,926,659,1319,740,1199,423,1783,1060,1138,774,947,826
1035,608,388,927,658,1318,739,1201,423,1781,1061,1137,773,947,827
1036,609,388,927,659,1317,741,1199,423,1783,1061,1138,772,946,826
1037,607,389,927,659,1318,741,1199,424,1782,1060,1138,774,945,825
1038,608,389,927,659,1319,742,1197,422,1784,1059,1138,774,946,824
1039,608,390,927,659,1318,742,1198,423,1782,1059,1139,773,946,826
1040,607,389,926,658,1318,742,1199,421,1782,1059,1138,775,945,826
1041,608,390,926,657,1317,744,1200,421,1782,1061,1137,774,946,825
1042,607,389,927,658,1318,744,1199,422,1783,1060,1138,774,945,824
1043,607,390,927,658,1317,743,1199,422,1783,1060,1137,773,946,825
1044,607,389,927,657,1318,743,1199,422,1782,1060,1138,772,947,822
1045,608,388,927,657,1319,743,1197,421,1783,1060,1138,771,947,822
1046,607,389,926,658,1320,742,1197,422,1783,1059,1139,772,946,821
1047,607,390,925,658,1320,742,1196,421,1783,1060,1138,773,947,823
1048,607,390,924,659,1321,743,1195,421,1783,1060,1139,772,946,825
1049,606,389,924,659,1322,742,1197,420,1783,1060,1138,772,945,824
1050,606,390,925,659,1323,742,1196,420,1782,1060,1136,772,944,825
1051,605,390,925,660,1323,742,1196,421,1783,1060,1137,773,945,824
1052,606,392,925,659,1323,742,1196,420,1783,1060,1137,772,945,825
1053,605,391,925,660,1322,742,1197,421,1782,1061,1137,772,944,825
1054,605,391,925,661,1323,742,1198,420,1783,1059,1137,772,943,824
1055,605,390,924,661,1323,742,1199,421,1781,1061,1138,772,943,824
1056,606,390,922,661,1324,743,1198,421,1782,1060,1138,773,942,825
1057,606,390,922,661,1324,744,1199,421,1782,1061,1137,774,941,826
1058,606,390,921,660,1325,745,1200,420,1781,1061,1138,772,941,826
1059,607,390,920,660,1324,746,1200,420,1781,1060,1137,774,942,827
1060,608,390,919,661,1324,747,1200,421,1782,1060,1137,773,940,827
1061,608,388,919,661,1324,748,1201,422,1781,1060,1136,775,941,827
1062,607,389,919,660,1323,748,1201,423,1781,1061,1136,773,942,826
1063,607,388,917,660,1324,749,1200,423,1781,1061,1137,775,942,827
1064,606,390,917,661,1322,750,1201,423,1783,1062,1136,774,941,826
1065,607,389,916,660,1323,749,1201,425,1783,1061,1137,775,941,826
1066,607,389,917,660,1322,748,1201,425,1782,1062,1138,774,940,826
1067,606,389,917,661,1323,747,1203,426,1783,1061,1137,774,939,826
1068,607,389,917,660,1322,748,1203,425,1783,1062,1137,774,939,826
1069,607,390,916,659,1322,749,1204,426,1783,1061,1137,773,938,827
1070,606,389,917,660,1322,748,1203,427,1783,1062,1137,774,939,824
1071,608,391,917,660,1321,749,1204,427,1784,1062,1138,775,938,824
1072,607,390,916,661,1323,748,1202,427,1783,1061,1137,774,938,824
1073,608,391,915,661,1322,749,1203,428,1784,1061,1136,774,937,823
1074,608,389,915,662,1323,749,1203,429,1784,1061,1136,774,936,823
1075,608,390,914,662,1322,749,1202,428,1784,1061,1136,774,937,823
1076,609,390,913,661,1323,749,1202,428,1782,1062,1135,773,936,823
1077,608,390,912,661,1322,750,1202,428,1782,1062,1134,773,937,823
1078,608,389,912,661,1322,750,1202,427,1781,1063,1134,773,937,822
1079,608,389,912,661,1321,749,1201,428,1782,1062,1135,773,937,822
1080,608,390,912,661,1322,748,1201,429,1781,1063,1134,773,937,821
1081,608,390,913,662,1321,748,1202,429,1781,1063,1133,773,936,823
1082,608,389,912,660,1320,747,1201,429,1780,1063,1134,773,937,821
1083,608,390,913,660,1320,749,1201,430,1781,1063,1134,773,938,822
1084,608,390,912,661,1318,749,1202,431,1781,1064,1134,773,937,823
1085,609,390,912,661,1319,749,1204,431,1781,1064,1134,773,937,823
1086,609,390,913,660,1319,750,1203,432,1782,1064,1134,774,936,825
1087,608,390,912,661,1319,748,1205,431,1782,1064,1136,773,936,824
1088,609,390,912,660,1318,749,1204,432,1782,1063,1135,775,935,824
1089,609,391,912,660,1319,748,1205,431,1783,1064,1135,774,936,824
1090,609,389,912,661,1318,748,1205,432,1783,1063,1135,773,935,824
1091,609,390,913,660,1318,749,1204,431,1783,1064,1137,773,934,825
1092,609,389,912,661,1318,747,1206,431,1782,1065,1135,773,934,825
1093,609,389,911,661,1319,746,1206,432,1783,1065,1135,773,936,827
1094,610,389,911,662,1317,746,1205,431,1783,1065,1136,773,935,826
1095,610,389,910,661,1317,746,1205,431,1783,1066,1135,773,936,827
1096,611,389,910,662,1318,747,1206,430,1783,1067,1136,773,935,827
1097,610,388,910,662,1317,747,1206,431,1781,1066,1136,774,936,827
1098,610,389,910,662,1318,747,1205,431,1782,1066,1136,773,936,827
1099,610,390,909,662,1319,746,1205,432,1782,1067,1136,772,936,827
1100,610,389,910,661,1318,747,1204,433,1782,1068,1137,772,936,828
1101,610,389,909,661,1318,746,1205,431,1781,1069,1137,771,936,827
1102,609,389,910,661,1319,745,1205,432,1782,1070,1137,771,935,825
1103,609,389,910,659,1318,746,1204,431,1782,1070,1137,771,934,825
1104,609,390,909,660,1319,745,1204,430,1782,1071,1137,771,934,826
1105,609,390,909,660,1319,747,1204,431,1782,1071,1137,770,934,825
1106,608,390,909,660,1320,746,1203,431,1780,1070,1137,769,934,825
1107,607,391,909,659,1321,746,1203,430,1781,1071,1137,771,933,825
1108,607,391,910,660,1321,747,1203,430,1780,1071,1138,771,933,825
1109,608,392,911,661,1322,747,1203,429,1781,1071,1138,771,933,825
1110,608,392,911,660,1322,747,1202,430,1780,1072,1137,771,933,824
1111,607,392,910,661,1322,748,1204,430,1781,1073,1137,771,933,824
1112,607,392,909,662,1323,748,1204,431,1781,1074,1137,770,932,824
1113,608,392,910,662,1323,749,1204,430,1779,1074,1135,769,931,825
1114,607,393,910,663,1323,750,1205,430,1780,1073,1135,769,928,825
1115,607,392,911,663,1323,749,1204,430,1780,1073,1136,769,928,824
1116,607,392,911,662,1324,749,1204,430,1780,1072,1136,769,927,826
1117,606,391,910,664,1322,749,1204,431,1780,1073,1137,769,929,826
1118,606,389,910,664,1321,748,1204,430,1781,1071,1137,769,929,825
1119,605,390,909,664,1323,748,1203,430,1781,1071,1136,768,927,825
1120,607,389,910,665,1322,748,1203,429,1781,1071,1137,768,927,825
1121,606,389,909,664,1321,747,1204,431,1780,1071,1137,768,927,824
1122,606,390,909,665,1322,747,1203,431,1780,1072,1137,767,927,825
1123,605,390,910,665,1320,748,1203,430,1780,1072,1136,767,928,823
1124,605,391,910,664,1321,748,1203,428,1780,1070,1136,767,927,824
1125,604,391,911,665,1321,749,1203,427,1780,1072,1135,767,928,824
1126,605,392,911,665,1320,748,1203,427,1781,1072,1133,765,926,825
1127,603,392,911,663,1321,747,1203,428,1780,1072,1134,766,926,826
1128,604,392,913,664,1321,748,1202,428,1779,1071,1134,765,926,825
1129,603,393,912,665,1320,749,1202,428,1778,1071,1134,765,925,824
1130,603,392,913,665,1320,749,1203,429,1778,1072,1133,764,924,824
1131,604,392,913,666,1320,748,1202,428,1780,1072,1134,766,923,825
1132,603,391,914,665,1319,747,1201,428,1780,1072,1134,765,924,824
1133,602,393,914,666,1319,747,1200,428,1780,1073,1133,766,924,823
1134,603,393,914,666,1319,747,1198,428,1781,1071,1133,766,924,823
1135,601,392,913,665,1319,746,1199,427,1780,1071,1132,765,924,823
1136,602,391,913,664,1319,747,1199,427,1779,1071,1133,766,924,823
1137,601,393,913,665,1318,746,1198,427,1779,1070,1132,766,926,822
1138,601,393,914,665,1317,745,1197,428,1779,1070,1131,766,925,821
1139,601,393,915,666,1316,746,1195,428,1779,1070,1131,766,923,822
1140,601,393,916,666,1317,745,1197,428,1780,1071,1131,767,924,822
1141,601,393,915,666,1317,746,1195,429,1778,1071,1131,767,923,822
1142,600,394,916,665,1317,745,1197,428,1780,1070,1132,767,922,822
1143,601,393,915,667,1317,746,1197,428,1781,1071,1133,767,922,822
1144,600,395,915,666,1317,747,1198,429,1781,1071,1133,766,922,822
1145,601,394,914,665,1317,747,1199,429,1781,1071,1132,767,922,824
1146,600,394,914,665,1316,747,1199,428,1780,1072,1132,767,921,823
1147,601,393,914,666,1315,748,1199,428,1780,1071,1132,768,922,824
1148,600,395,913,667,1316,747,1197,427,1780,1072,1132,768,922,823
1149,601,395,913,666,1316,748,1198,426,1778,1071,1132,767,921,824
1150,600,394,913,667,1317,746,1198,426,1779,1071,1131,768,922,824
1151,600,394,912,667,1317,747,1197,427,1780,1071,1130,767,921,825
1152,600,394,911,665,1317,746,1197,426,1779,1071,1131,767,921,824
1153,601,394,912,666,1317,746,1197,424,1780,1071,1131,768,921,825
1154,601,394,912,666,1317,747,1196,424,1779,1072,1132,769,920,825
1155,601,395,912,665,1318,748,1196,423,1780,1071,1132,768,920,826
1156,601,394,911,665,1317,747,1196,424,1779,1070,1131,767,919,825
1157,601,394,911,665,1318,746,1195,423,1780,1070,1131,767,921,825
1158,601,395,911,665,1318,746,1196,425,1781,1069,1132,767,920,826
1159,602,393,910,665,1318,747,1196,425,1780,1068,1132,766,920,825
1160,601,392,911,665,1318,746,1197,425,1781,1069,1135,766,919,825
1161,601,391,910,665,1318,747,1195,425,1781,1069,1136,767,920,826
1162,601,392,911,665,1318,746,1194,426,1781,1069,1135,767,920,825
1163,602,390,912,666,1318,748,1194,424,1780,1068,1133,767,919,826
1164,601,391,911,665,1317,747,1193,425,1780,1069,1134,768,920,826
1165,602,391,911,665,1318,748,1193,425,1780,1068,1134,767,919,827
1166,601,391,911,664,1318,749,1193,425,1781,1067,1135,766,920,828
1167,601,391,911,663,1318,747,1192,423,1781,1068,1134,765,919,827
1168,602,391,911,662,1317,748,1193,422,1780,1068,1134,765,919,828
1169,601,390,911,661,1318,747,1193,421,1780,1069,1134,764,918,827
1170,602,390,910,662,1318,748,1193,421,1781,1069,1132,765,919,826
1171,601,390,910,662,1319,748,1192,421,1780,1070,1133,766,919,828
1172,601,390,910,662,1319,748,1193,422,1780,1069,1133,764,920,828
1173,600,390,910,663,1320,748,1191,422,1781,1069,1134,764,920,829
1174,601,388,910,662,1321,748,1192,422,1781,1069,1136,763,921,829
1175,602,389,910,663,1320,748,1190,422,1781,1069,1137,764,920,830
1176,601,388,910,663,1322,748,1190,422,1780,1070,1136,766,921,831
1177,601,388,910,662,1321,749,1190,423,1781,1070,1137,765,922,828
1178,601,388,910,662,1321,749,1191,423,1781,1070,1136,767,921,829
1179,601,388,911,664,1322,747,1190,423,1781,1072,1137,767,922,829
1180,599,388,912,666,1322,749,1190,422,1781,1072,1137,766,923,829
1181,599,387,911,665,1322,747,1190,422,1781,1072,1137,766,922,829
1182,598,388,912,667,1323,747,1190,422,1781,1072,1136,765,922,829
1183,600,389,912,668,1323,747,1190,421,1780,1072,1136,767,922,830
1184,599,388,913,668,1323,748,1189,421,1780,1073,1136,766,924,831
1185,599,388,912,670,1323,748,1188,421,1779,1073,1137,764,923,830
1186,599,390,911,670,1324,748,1189,419,1780,1075,1138,766,924,831
1187,601,390,911,669,1323,749,1188,420,1779,1074,1137,766,923,832
1188,599,390,912,670,1323,750,1187,419,1780,1073,1138,765,924,832
1189,599,390,910,669,1323,749,1187,419,1779,1071,1138,766,923,832
1190,599,390,912,668,1321,749,1186,419,1779,1072,1137,765,923,832
1191,600,389,910,669,1322,750,1187,420,1779,1072,1138,765,923,834
1192,598,389,911,668,1323,750,1186,420,1778,1071,1137,765,922,835
1193,599,389,911,668,1323,752,1186,420,1779,1072,1137,763,924,836
1194,599,391,911,669,1323,752,1185,420,1777,1071,1137,763,924,836
1195,598,389,910,667,1323,752,1187,419,1777,1072,1139,762,923,836
1196,598,389,911,667,1322,750,1187,419,1776,1071,1138,762,922,834
1197,598,389,910,668,1322,750,1187,418,1776,1072,1139,761,922,835
